title,url,year,critics_choice_nom,critics_choice_win,bafta_nom,bafta_win,golden_globes_nom,golden_globes_win,pga_nom,pga_win,sag_nom,sag_win,oscar_win,cast_row_count,maj_academy_awards_usa_noms,maj_academy_awards_usa_wins,maj_bafta_awards_noms,maj_bafta_awards_wins,maj_golden_globes_usa_noms,maj_golden_globes_usa_wins,maj_actor_awards_noms,maj_actor_awards_wins,maj_directors_guild_of_america_usa_noms,maj_directors_guild_of_america_usa_wins,maj_writers_guild_of_america_usa_noms,maj_writers_guild_of_america_usa_wins,maj_pga_awards_noms,maj_pga_awards_wins,maj_critics_choice_awards_noms,maj_critics_choice_awards_wins,maj_film_independent_spirit_awards_noms,maj_film_independent_spirit_awards_wins,maj_satellite_awards_noms,maj_satellite_awards_wins,grp_prediction_online_noms,grp_prediction_online_wins,grp_us_regional_critics_noms,grp_us_regional_critics_wins,grp_national_critics_noms,grp_national_critics_wins,grp_international_film_noms,grp_international_film_wins,grp_major_festival_noms,grp_major_festival_wins,grp_television_noms,grp_television_wins,grp_audience_pop_noms,grp_audience_pop_wins,grp_genre_noms,grp_genre_wins,grp_voice_or_animation_noms,grp_voice_or_animation_wins,grp_negative_noms,grp_negative_wins,grp_other_noms,grp_other_wins
One Battle After Another,https://www.imdb.com/title/tt30144839/?ref_=ev_csegosc_nom,2026,1,1,1,1,1,1,1,1,1,0,1,154,9,5,14,3,12,4,28,5,1,0,5,1,0,1,14,5,6,7,16,3,68,21,233,114,44,35,17,2,21,55,44,19,34,15,11,8,1,0,8,1,198,112
F1: The Movie,https://www.imdb.com/title/tt16311594/?ref_=ev_csegosc_nom,2026,0,0,0,0,0,0,1,0,0,0,0,128,7,3,9,4,11,2,14,9,0,0,0,0,2,3,13,2,3,3,10,2,36,14,80,62,9,20,8,4,15,48,41,22,27,5,11,3,0,0,6,1,136,132
Frankenstein,https://www.imdb.com/title/tt1312221/?ref_=ev_csegosc_nom,2026,1,0,0,0,1,0,1,0,1,0,0,77,1,2,5,3,6,3,14,4,0,0,1,0,0,0,1,3,2,1,5,3,41,23,79,39,16,12,11,4,13,34,36,16,11,5,17,8,3,0,0,0,141,83
Hamnet,https://www.imdb.com/title/tt14905854/?ref_=ev_csegosc_nom,2026,1,0,1,0,1,1,1,0,1,0,0,36,4,1,10,3,6,1,10,2,0,0,0,0,0,0,7,2,3,2,7,2,22,18,78,40,27,12,19,6,0,14,38,14,2,1,7,2,0,0,0,0,89,33
Marty Supreme,https://www.imdb.com/title/tt32916440/?ref_=ev_csegosc_nom,2026,1,0,1,0,1,0,1,0,1,0,0,165,9,1,12,0,11,2,18,3,2,0,10,1,2,1,7,1,8,3,9,2,39,9,122,41,26,14,4,2,59,81,47,12,28,5,13,1,1,0,3,1,148,116
Sentimental Value,https://www.imdb.com/title/tt27714581/?ref_=ev_csegosc_nom,2026,1,0,1,0,1,0,1,0,0,0,0,75,4,0,5,0,6,2,6,0,0,0,0,0,0,0,8,1,1,0,9,2,16,8,82,12,17,5,12,3,4,29,20,2,12,1,9,2,1,1,0,0,108,44
Sinners,https://www.imdb.com/title/tt31193180/?ref_=ev_csegosc_nom,2026,1,0,1,0,1,0,1,0,1,1,0,43,3,1,4,3,2,0,10,11,0,0,0,0,0,1,11,2,2,0,4,2,36,2,129,59,22,11,8,1,18,32,38,8,29,30,16,0,2,0,1,0,112,83
Train Dreams,https://www.imdb.com/title/tt29768334/?ref_=ev_csegosc_nom,2026,1,0,0,0,0,0,1,0,0,0,0,42,4,0,2,1,10,0,9,4,1,0,2,0,0,0,5,0,6,1,9,2,25,4,93,25,6,12,13,6,11,39,32,7,6,0,9,4,1,0,0,0,71,45
The Secret Agent,https://www.imdb.com/title/tt27847051/?ref_=ev_csegosc_nom,2026,0,0,0,0,1,0,0,0,0,0,0,77,2,0,1,0,1,1,0,0,0,0,0,0,0,0,2,0,1,0,0,1,18,5,19,1,4,1,0,0,10,55,5,1,0,0,4,2,0,0,0,0,93,88
Bugonia,https://www.imdb.com/title/tt12300742/?ref_=ev_csegosc_nom,2026,1,0,0,0,1,0,1,0,0,0,0,26,7,1,8,1,8,1,7,2,0,0,0,0,3,0,7,1,5,0,6,2,33,5,125,38,17,6,6,1,1,9,31,10,18,5,9,0,2,0,4,4,81,33
Anora,https://www.imdb.com/title/tt28607951/?ref_=ev_csegosc_nom,2025,1,1,1,0,1,0,1,1,1,0,1,48,1,1,2,1,2,0,8,0,0,1,0,0,0,0,2,0,2,2,2,0,18,2,34,32,5,7,3,0,2,16,4,2,0,0,0,0,0,0,0,0,55,38
Wicked,https://www.imdb.com/title/tt1262426/?ref_=ev_csegosc_nom,2025,1,0,0,0,1,0,1,0,1,0,0,70,9,2,7,0,9,2,23,4,0,0,4,0,1,0,16,2,2,1,11,5,55,26,109,44,20,7,6,0,5,27,73,29,44,21,8,6,7,7,2,0,202,129
The Substance,https://www.imdb.com/title/tt17526714/?ref_=ev_csegosc_nom,2025,1,0,0,0,1,0,1,0,0,0,0,123,1,0,1,0,6,1,5,2,1,0,0,0,0,0,6,1,1,3,4,2,18,3,60,28,8,3,0,1,9,20,15,4,9,3,7,5,0,0,8,3,54,38
Conclave,https://www.imdb.com/title/tt20215234/?ref_=ev_csegosc_nom,2025,1,0,1,1,1,0,1,0,1,1,0,24,7,0,9,1,12,3,9,8,0,0,0,0,0,1,9,0,4,4,11,4,55,10,83,19,19,12,12,10,17,33,43,17,12,1,17,5,3,3,8,0,88,50
The Brutalist,https://www.imdb.com/title/tt8999762/?ref_=ev_csegosc_nom,2025,1,0,1,0,1,1,1,0,0,0,0,38,3,2,4,1,5,1,10,2,0,0,0,0,0,0,2,1,2,0,5,4,20,5,88,33,19,4,15,7,21,35,21,3,7,1,6,1,0,0,0,0,63,40
Dune: Part Two,https://www.imdb.com/title/tt15239678/?ref_=ev_csegosc_nom,2025,1,0,0,0,1,0,1,0,0,0,0,111,10,2,12,3,14,5,33,10,0,0,0,0,0,0,15,7,2,3,16,4,106,27,208,84,49,31,35,12,6,64,79,21,45,13,33,12,1,0,5,0,215,143
Emilia Pérez,https://www.imdb.com/title/tt20221436/?ref_=ev_csegosc_nom,2025,1,0,1,0,1,1,1,0,1,0,0,61,1,1,2,1,7,1,9,2,0,0,0,0,2,0,4,3,0,0,6,2,28,3,30,11,9,5,3,4,1,31,33,10,58,14,4,1,4,0,2,0,140,93
Nickel Boys,https://www.imdb.com/title/tt23055660/?ref_=ev_csegosc_nom,2025,1,0,0,0,1,0,0,0,0,0,0,60,1,0,1,0,1,0,9,2,0,0,0,0,0,0,5,0,3,0,3,1,9,0,31,11,6,4,0,1,1,13,22,6,9,1,2,0,0,0,0,0,35,15
A Complete Unknown,https://www.imdb.com/title/tt11563598/?ref_=ev_csegosc_nom,2025,1,0,1,0,1,0,1,0,1,0,0,134,7,0,6,0,9,1,27,3,0,0,0,0,0,0,10,0,5,2,10,2,33,11,123,54,24,14,7,0,12,36,34,3,16,5,14,1,3,4,0,0,75,56
I'm Still Here,https://www.imdb.com/title/tt14961016/?ref_=ev_csegosc_nom,2025,0,0,0,0,0,0,0,0,0,0,0,71,2,0,0,0,1,1,0,0,0,0,0,0,0,0,0,0,0,0,1,1,9,7,1,1,4,2,0,0,9,50,15,6,0,0,1,0,0,0,0,0,141,114
Oppenheimer,https://www.imdb.com/title/tt15398776/?ref_=ev_csegosc_nom,2024,1,1,1,1,1,1,1,1,1,1,1,162,16,7,19,9,24,11,27,17,1,0,2,0,4,0,23,7,7,4,23,9,147,47,234,126,56,33,41,21,76,180,96,31,77,9,38,16,10,5,9,0,264,191
Barbie,https://www.imdb.com/title/tt1517268/?ref_=ev_csegosc_nom,2024,1,0,0,0,0,0,1,0,1,0,0,199,16,4,31,9,26,2,34,3,1,0,2,1,4,4,21,6,7,3,23,6,114,18,197,66,33,19,27,14,13,37,120,44,91,17,14,4,14,2,10,0,253,140
Killers of the Flower Moon,https://www.imdb.com/title/tt5537002/?ref_=ev_csegosc_nom,2024,1,0,1,0,1,0,1,0,1,0,0,260,18,2,15,1,15,6,18,7,5,0,3,1,6,2,18,4,8,3,13,8,102,25,228,102,64,44,22,4,63,123,82,32,52,10,31,9,0,0,5,1,262,204
Poor Things,https://www.imdb.com/title/tt14230458/?ref_=ev_csegosc_nom,2024,1,0,1,0,0,0,1,0,0,0,0,57,11,1,10,1,14,3,13,4,1,0,1,1,3,0,17,1,6,4,8,5,79,12,209,75,38,17,11,3,4,41,57,13,23,4,15,4,3,0,2,0,124,91
The Holdovers,https://www.imdb.com/title/tt14849194/?ref_=ev_csegosc_nom,2024,1,0,1,0,0,0,1,0,0,0,0,78,2,1,2,1,1,4,5,4,0,0,0,0,0,0,3,4,2,3,3,4,27,4,64,62,11,18,1,0,9,24,20,12,3,0,2,1,0,0,0,0,35,44
Anatomy of a Fall,https://www.imdb.com/title/tt17009710/?ref_=ev_csegosc_nom,2024,0,0,1,0,1,0,1,0,0,0,0,49,1,1,2,1,1,1,0,0,0,0,0,0,0,0,2,0,0,0,2,0,18,2,46,11,8,3,12,11,18,31,3,2,0,0,1,1,0,0,0,0,60,39
Past Lives,https://www.imdb.com/title/tt13238346/?ref_=ev_csegosc_nom,2024,1,0,0,0,1,0,1,0,0,0,0,37,0,0,1,0,1,0,3,0,0,0,0,0,0,0,1,0,2,1,1,0,8,0,29,1,4,0,0,0,5,10,7,3,1,0,3,1,0,0,0,0,36,10
Maestro,https://www.imdb.com/title/tt5535276/?ref_=ev_csegosc_nom,2024,1,0,0,0,1,0,1,0,0,0,0,92,9,0,8,1,11,1,15,1,2,0,4,1,4,0,11,1,3,2,14,1,43,11,140,53,29,8,18,3,39,70,37,22,27,9,2,3,2,3,0,1,141,125
The Zone of Interest,https://www.imdb.com/title/tt7160372/?ref_=ev_csegosc_nom,2024,0,0,0,0,1,0,1,0,0,0,0,66,1,0,2,0,1,0,0,0,0,0,0,0,0,0,1,0,0,0,1,0,6,1,26,7,5,2,4,3,2,6,3,2,0,0,1,0,0,0,0,0,34,19
American Fiction,https://www.imdb.com/title/tt23561236/?ref_=ev_csegosc_nom,2024,1,0,0,0,0,0,1,0,1,0,0,61,2,0,0,0,7,3,23,0,0,0,1,1,0,1,9,0,5,2,8,1,27,9,35,12,8,2,1,0,3,10,69,16,50,10,5,1,5,0,0,0,56,34
Everything Everywhere All at Once,https://www.imdb.com/title/tt6710474/?ref_=ev_csegosc_nom,2023,1,1,1,0,1,0,1,1,1,1,1,44,5,7,9,1,11,3,29,18,0,1,0,1,0,1,7,4,3,6,10,2,40,20,120,125,15,19,6,0,15,36,15,24,17,8,18,7,11,4,0,0,155,164
Elvis,https://www.imdb.com/title/tt3704428/?ref_=ev_csegosc_nom,2023,1,0,1,0,1,0,1,0,0,0,0,223,5,2,8,1,4,3,17,4,0,0,0,0,0,4,9,1,1,0,5,2,39,7,112,39,16,12,20,9,15,40,40,13,34,11,17,1,2,1,2,4,116,101
Top Gun: Maverick,https://www.imdb.com/title/tt1745960/?ref_=ev_csegosc_nom,2023,1,0,0,0,1,0,1,0,0,0,0,98,8,1,4,1,9,6,15,1,0,0,2,0,4,2,8,3,2,0,12,4,28,11,26,12,9,7,2,3,19,19,46,13,26,9,19,2,1,0,10,3,65,74
The Banshees of Inisherin,https://www.imdb.com/title/tt11813216/?ref_=ev_csegosc_nom,2023,1,0,1,0,1,1,1,0,1,0,0,21,4,0,6,2,8,2,8,0,0,0,0,0,0,0,4,0,1,0,8,1,34,6,99,47,15,19,21,5,1,14,33,9,9,2,4,3,2,0,2,1,55,16
The Fabelmans,https://www.imdb.com/title/tt14208870/?ref_=ev_csegosc_nom,2023,1,0,0,0,1,1,1,0,1,0,0,83,12,1,7,0,14,2,14,2,1,0,2,0,2,0,8,3,10,4,7,1,76,8,105,35,28,17,6,3,31,41,33,9,15,0,20,11,0,1,3,0,95,85
Tár,https://www.imdb.com/title/tt14444726/?ref_=ev_csegosc_nom,2023,1,0,1,0,1,0,1,0,0,0,0,260,5,1,5,2,6,3,11,2,0,0,0,0,1,0,4,2,3,3,5,4,42,9,72,67,25,23,16,9,8,30,35,8,11,0,13,3,5,1,2,0,98,87
Avatar: The Way of Water,https://www.imdb.com/title/tt1630029/?ref_=ev_csegosc_nom,2023,1,0,0,0,1,0,1,0,0,0,0,70,7,1,3,4,10,3,24,4,0,0,5,0,1,1,4,2,3,0,14,5,40,12,46,19,19,10,11,15,11,34,61,20,56,6,19,13,5,3,4,1,91,65
Women Talking,https://www.imdb.com/title/tt13669038/?ref_=ev_csegosc_nom,2023,1,0,0,0,0,0,0,0,1,0,0,24,5,3,12,6,8,3,15,5,0,0,0,0,0,1,7,5,6,15,10,3,57,11,106,74,25,43,18,6,1,28,30,16,0,1,6,2,4,1,3,0,113,62
Triangle of Sadness,https://www.imdb.com/title/tt7322224/?ref_=ev_csegosc_nom,2023,0,0,0,0,1,0,0,0,0,0,0,147,3,0,3,0,5,0,4,1,0,0,0,0,1,0,3,0,2,1,5,1,16,9,30,4,7,5,5,1,10,21,26,5,1,0,3,1,0,0,4,1,46,36
All Quiet on the Western Front,https://www.imdb.com/title/tt1016150/?ref_=ev_csegosc_nom,2023,0,0,1,1,0,0,0,0,0,0,0,59,0,0,2,0,2,0,1,1,0,0,0,0,0,0,1,0,0,0,1,0,21,6,9,7,1,0,2,3,3,13,15,8,1,0,1,0,0,0,0,0,38,41
CODA,https://www.imdb.com/title/tt10366460/?ref_=ev_csegosc_nom,2022,1,0,0,0,1,0,1,1,1,1,1,76,0,2,1,1,3,1,3,7,0,0,0,0,0,0,1,1,1,1,1,1,9,0,33,12,6,3,0,0,17,19,18,1,1,1,0,2,0,0,0,0,35,38
Belfast,https://www.imdb.com/title/tt12789558/?ref_=ev_csegosc_nom,2022,1,0,1,0,1,0,1,0,1,0,0,61,6,0,8,2,11,0,11,4,0,0,0,0,0,0,8,1,0,0,9,0,14,4,54,16,22,5,16,5,16,38,19,9,1,2,6,1,0,2,2,0,62,49
West Side Story,https://www.imdb.com/title/tt3581652/?ref_=ev_csegosc_nom,2022,1,0,0,0,1,1,1,0,0,0,0,202,0,2,3,1,4,2,2,3,0,0,0,0,0,1,7,1,2,1,2,0,18,6,35,16,9,2,1,0,27,35,21,11,11,10,2,0,1,0,0,1,71,85
Licorice Pizza,https://www.imdb.com/title/tt11271038/?ref_=ev_csegosc_nom,2022,1,0,1,0,1,0,1,0,0,0,0,212,7,2,7,0,12,2,15,4,3,2,5,2,6,3,12,4,8,5,11,3,55,14,123,57,28,20,5,1,34,45,38,14,38,8,8,1,13,11,5,2,133,78
Dune: Part One,https://www.imdb.com/title/tt1160419/?ref_=ev_csegosc_nom,2022,1,0,1,0,1,0,1,0,0,0,0,49,6,1,5,1,9,3,16,4,0,0,0,0,0,0,13,4,2,3,11,2,53,26,96,41,27,26,23,8,10,57,46,18,29,10,20,7,1,0,2,0,129,90
The Power of the Dog,https://www.imdb.com/title/tt10293406/?ref_=ev_csegosc_nom,2022,1,1,1,1,1,1,1,0,0,0,0,43,5,1,7,1,9,3,11,5,0,0,0,0,0,0,12,0,2,0,7,4,64,7,111,58,22,14,19,6,10,21,53,18,31,1,20,5,5,2,0,0,89,61
King Richard,https://www.imdb.com/title/tt9620288/?ref_=ev_csegosc_nom,2022,1,0,0,0,1,0,1,0,1,0,0,101,4,1,1,1,7,2,22,3,0,0,0,0,1,0,5,1,0,0,7,2,19,1,45,12,4,4,1,2,9,35,31,8,36,19,14,2,1,0,5,3,65,49
Drive My Car,https://www.imdb.com/title/tt14039582/?ref_=ev_csegosc_nom,2022,0,0,0,0,0,0,0,0,0,0,0,35,0,0,0,0,0,0,0,0,0,0,0,0,0,0,0,0,0,0,0,0,0,0,0,0,0,0,0,0,0,0,0,0,0,0,0,0,0,0,0,0,0,0
Don't Look Up,https://www.imdb.com/title/tt11286314/?ref_=ev_csegosc_nom,2022,1,0,1,0,1,0,1,0,1,1,0,215,7,2,8,2,7,1,10,0,0,0,3,0,0,0,6,3,1,4,5,3,45,17,132,77,37,28,18,8,0,25,38,8,35,18,16,5,2,3,2,1,125,132
Nightmare Alley,https://www.imdb.com/title/tt7740496/?ref_=ev_csegosc_nom,2022,1,0,0,0,0,0,0,0,0,0,0,83,11,1,7,1,11,0,12,2,2,0,1,0,3,0,9,1,6,5,7,5,65,14,168,96,38,30,15,8,0,45,31,8,21,3,14,4,5,3,3,1,123,100
Nomadland,https://www.imdb.com/title/tt9770150/?ref_=ev_csegosc_nom,2021,1,1,1,1,1,1,1,1,0,0,1,260,1,3,2,3,4,1,1,3,0,0,0,0,0,1,2,3,1,2,3,2,11,7,40,51,11,12,4,2,0,4,4,9,0,1,4,1,2,0,2,0,25,19
Mank,https://www.imdb.com/title/tt10618286/?ref_=ev_csegosc_nom,2021,1,0,0,0,1,0,1,0,0,0,0,155,2,1,2,2,1,1,7,2,0,0,0,0,0,0,3,3,2,0,2,3,20,4,29,19,6,5,8,6,3,9,16,2,4,1,3,3,3,3,1,0,21,12
The Trial of the Chicago 7,https://www.imdb.com/title/tt1070874/?ref_=ev_csegosc_nom,2021,1,0,1,0,1,0,1,0,1,1,0,153,0,0,1,0,0,0,0,1,0,0,0,0,0,0,0,0,1,0,0,0,0,2,3,3,0,0,0,0,18,23,1,2,2,1,2,0,0,0,0,0,27,45
Promising Young Woman,https://www.imdb.com/title/tt9620292/?ref_=ev_csegosc_nom,2021,1,0,1,0,1,0,1,0,0,0,0,42,4,1,2,3,8,0,14,6,1,1,0,2,1,0,8,2,2,5,10,5,50,7,103,67,20,14,14,4,8,16,40,10,11,4,5,1,8,4,1,0,73,54
Minari,https://www.imdb.com/title/tt10633456/?ref_=ev_csegosc_nom,2021,1,0,0,0,0,0,1,0,1,0,0,32,0,1,1,1,0,0,6,1,0,0,0,0,0,0,1,1,1,1,1,0,9,1,12,27,2,5,0,0,8,33,1,2,0,0,2,0,0,0,0,0,45,46
Sound of Metal,https://www.imdb.com/title/tt5363618/?ref_=ev_csegosc_nom,2021,1,0,0,0,0,0,1,0,0,0,0,33,2,0,3,0,2,0,3,0,0,0,0,0,0,0,2,0,1,2,0,1,17,4,41,34,14,5,12,2,11,18,10,3,3,1,3,1,0,0,0,0,38,21
Judas and the Black Messiah,https://www.imdb.com/title/tt9784798/?ref_=ev_csegosc_nom,2021,0,0,0,0,0,0,1,0,0,0,0,165,2,1,5,2,5,2,19,6,0,0,0,0,0,0,5,1,3,1,4,2,35,6,32,29,12,5,5,2,16,28,36,9,7,0,2,0,1,1,0,0,70,46
The Father,https://www.imdb.com/title/tt10272386/?ref_=ev_csegosc_nom,2021,0,0,1,0,1,0,0,0,0,0,0,11,5,2,6,6,6,2,9,1,0,0,0,0,4,0,7,1,0,0,4,3,14,5,70,29,20,12,10,14,2,21,32,13,5,0,7,6,0,0,2,0,72,48
Parasite,https://www.imdb.com/title/tt6751668/?ref_=ev_csegosc_nom,2020,1,0,1,0,0,0,1,0,1,1,1,91,0,1,1,0,0,0,0,10,0,0,0,0,1,0,0,0,0,0,0,0,15,34,14,9,2,1,1,1,1,7,2,11,0,0,1,0,0,0,0,0,93,87
Once Upon a Time... in Hollywood,https://www.imdb.com/title/tt7131622/?ref_=ev_csegosc_nom,2020,1,1,1,0,1,1,1,0,1,0,0,243,19,5,19,6,25,10,49,4,3,2,2,1,3,2,18,8,10,5,22,6,166,27,240,84,50,45,27,10,27,100,111,21,66,15,40,18,7,6,17,6,295,225
1917,https://www.imdb.com/title/tt8579674/?ref_=ev_csegosc_nom,2020,1,0,1,1,1,1,1,1,0,0,0,117,1,0,6,1,3,1,9,1,0,0,0,0,0,0,3,0,0,0,5,0,16,5,22,4,10,0,11,2,1,16,28,12,4,0,2,0,2,2,0,0,26,22
Marriage Story,https://www.imdb.com/title/tt7653254/?ref_=ev_csegosc_nom,2020,1,0,0,0,1,0,1,0,0,0,0,76,7,1,7,2,13,6,18,2,1,3,8,4,0,0,12,2,5,9,10,1,69,11,104,56,31,15,3,2,0,21,51,15,13,13,13,6,2,1,3,0,95,67
Joker,https://www.imdb.com/title/tt7286456/?ref_=ev_csegosc_nom,2020,1,0,1,0,1,0,1,0,0,0,0,184,7,1,7,1,6,3,16,7,0,0,0,0,3,0,8,2,1,1,5,2,50,11,75,21,24,15,5,1,4,22,36,5,11,4,8,0,6,3,2,0,89,60
Jojo Rabbit,https://www.imdb.com/title/tt2584384/?ref_=ev_csegosc_nom,2020,1,0,0,0,1,0,1,0,1,0,0,37,2,0,3,1,5,0,4,0,0,0,0,0,0,0,7,0,2,1,1,1,23,2,69,19,18,3,3,1,1,4,12,1,8,6,10,4,1,1,1,0,53,26
Little Women,https://www.imdb.com/title/tt3281548/?ref_=ev_csegosc_nom,2020,1,0,0,0,0,0,1,0,0,0,0,139,4,1,4,1,3,4,3,1,0,0,0,0,0,0,5,2,2,3,6,0,27,10,69,40,21,12,7,2,10,21,18,4,1,0,3,1,0,0,0,0,59,59
Ford v Ferrari,https://www.imdb.com/title/tt1950186/?ref_=ev_csegosc_nom,2020,1,0,0,0,0,0,1,0,0,0,0,204,4,1,3,0,7,1,4,0,0,0,1,0,3,0,6,1,2,0,5,1,17,2,28,6,13,3,2,2,0,5,21,0,14,4,7,0,0,0,0,0,27,24
The Irishman,https://www.imdb.com/title/tt1302006/?ref_=ev_csegosc_nom,2020,1,0,1,0,1,0,1,0,1,0,0,260,8,1,8,1,6,2,8,2,0,1,0,0,3,0,6,0,2,0,5,2,29,2,40,2,20,17,2,1,5,21,23,7,14,1,7,1,0,0,5,2,57,40
Green Book,https://www.imdb.com/title/tt6966692/?ref_=ev_csegosc_nom,2019,1,0,1,0,1,1,1,1,0,0,1,107,0,2,2,0,0,1,0,0,0,0,1,0,0,1,1,0,0,0,1,0,1,0,2,2,1,0,0,0,0,4,1,0,0,0,0,0,3,4,0,0,3,5
BlacKkKlansman,https://www.imdb.com/title/tt7349662/?ref_=ev_csegosc_nom,2019,1,0,1,0,1,0,1,0,1,0,0,60,2,0,2,0,5,2,16,4,0,0,0,0,1,0,4,0,3,0,7,2,46,3,36,29,15,9,0,0,1,14,34,7,14,2,3,1,0,0,3,3,50,28
Black Panther,https://www.imdb.com/title/tt1825683/?ref_=ev_csegosc_nom,2019,1,0,0,0,1,0,1,0,1,1,0,144,2,2,7,4,6,3,20,25,1,0,2,0,1,3,4,5,4,4,7,2,73,20,86,70,20,26,17,7,19,39,83,20,47,16,16,5,4,0,2,1,124,118
Bohemian Rhapsody,https://www.imdb.com/title/tt1727824/?ref_=ev_csegosc_nom,2019,0,0,0,0,1,1,1,0,1,0,0,139,0,2,7,3,2,1,16,5,0,0,0,0,0,0,1,1,0,0,2,2,14,6,20,7,2,3,4,2,12,16,28,13,24,5,7,2,1,0,6,3,38,27
The Favourite,https://www.imdb.com/title/tt5083738/?ref_=ev_csegosc_nom,2019,1,0,1,0,1,0,1,0,0,0,0,0,0,0,0,0,0,0,0,0,0,0,0,0,0,0,0,0,0,0,0,0,0,0,0,0,0,0,0,0,0,0,0,0,0,0,0,0,0,0,0,0,0,0
Roma,https://www.imdb.com/title/tt6155172/?ref_=ev_csegosc_nom,2019,1,1,1,1,0,0,1,0,0,0,0,29,2,0,0,0,0,0,0,0,0,0,0,0,0,0,1,0,0,0,1,0,15,2,13,3,3,0,0,0,0,3,1,0,0,0,0,0,0,0,0,0,21,10
A Star Is Born,https://www.imdb.com/title/tt1517451/?ref_=ev_csegosc_nom,2019,1,0,1,0,1,0,1,0,1,0,0,141,6,1,4,3,9,4,14,6,2,2,4,2,4,0,8,2,4,2,11,3,59,9,99,31,29,13,5,0,8,23,45,18,54,9,7,4,2,1,5,2,124,73
Vice,https://www.imdb.com/title/tt6266538/?ref_=ev_csegosc_nom,2019,1,0,0,0,1,0,1,0,0,0,0,237,13,2,10,3,15,4,25,5,0,0,4,2,1,1,8,2,2,3,14,3,77,21,104,43,33,24,18,3,12,40,104,17,57,18,11,8,7,1,9,2,125,120
The Shape of Water,https://www.imdb.com/title/tt5580390/?ref_=ev_csegosc_nom,2018,1,1,1,0,1,0,1,1,0,0,1,53,7,2,7,2,7,3,6,7,0,1,1,0,1,1,6,2,4,2,8,6,75,9,131,55,40,20,20,6,13,39,26,4,2,1,23,12,0,0,0,0,93,78
Call Me by Your Name,https://www.imdb.com/title/tt5726616/?ref_=ev_csegosc_nom,2018,1,0,1,0,1,0,1,0,0,0,0,15,1,0,1,0,3,0,5,2,0,0,0,0,0,0,3,0,1,2,1,1,37,5,51,16,17,7,5,0,0,8,8,0,3,0,1,1,0,0,0,0,11,18
Darkest Hour,https://www.imdb.com/title/tt4555426/?ref_=ev_csegosc_nom,2018,1,0,1,0,0,0,0,0,0,0,0,118,2,1,8,4,3,1,7,4,0,0,0,0,0,0,2,3,3,0,5,3,24,4,27,24,11,8,20,15,5,11,18,4,6,1,5,5,2,3,3,0,32,20
Dunkirk,https://www.imdb.com/title/tt5013056/?ref_=ev_csegosc_nom,2018,1,0,1,0,1,0,1,0,0,0,0,0,0,0,0,0,0,0,0,0,0,0,0,0,0,0,0,0,0,0,0,0,0,0,0,0,0,0,0,0,0,0,0,0,0,0,0,0,0,0,0,0,0,0
Get Out,https://www.imdb.com/title/tt5052448/?ref_=ev_csegosc_nom,2018,1,0,0,0,1,0,1,0,1,0,0,46,3,0,2,1,6,0,17,1,0,0,3,0,0,0,3,0,5,2,5,1,47,3,34,14,11,7,4,2,0,7,29,8,9,1,5,3,4,0,0,0,38,8
Lady Bird,https://www.imdb.com/title/tt4925292/?ref_=ev_csegosc_nom,2018,1,0,0,0,1,1,1,0,1,0,0,72,3,0,3,0,4,0,14,1,0,0,0,0,0,0,3,1,4,2,4,1,28,17,51,37,14,15,5,0,6,7,26,4,9,4,2,1,0,0,0,0,26,21
The Post,https://www.imdb.com/title/tt6294822/?ref_=ev_csegosc_nom,2018,1,0,0,0,1,0,1,0,0,0,0,0,0,0,0,0,0,0,0,0,0,0,0,0,0,0,0,0,0,0,0,0,0,0,0,0,0,0,0,0,0,0,0,0,0,0,0,0,0,0,0,0,0,0
"Three Billboards Outside Ebbing, Missouri",https://www.imdb.com/title/tt5027774/?ref_=ev_csegosc_nom,2018,1,0,1,1,1,1,1,0,1,1,0,44,6,1,4,1,8,2,13,12,0,0,0,0,1,0,7,4,5,4,14,3,60,21,107,50,26,17,12,3,2,19,32,24,4,3,12,3,2,0,6,1,46,23
Phantom Thread,https://www.imdb.com/title/tt5776858/?ref_=ev_csegosc_nom,2018,0,0,0,0,0,0,0,0,0,0,0,85,4,2,9,5,3,2,3,4,0,0,0,0,0,0,1,3,0,0,4,2,25,11,31,55,18,22,10,5,2,14,10,9,0,0,1,2,0,0,0,0,32,25
Moonlight,https://www.imdb.com/title/tt4975722/?ref_=ev_csegosc_nom,2017,1,0,1,0,1,1,1,0,1,0,1,0,0,0,0,0,0,0,0,0,0,0,0,0,0,0,0,0,0,0,0,0,0,0,0,0,0,0,0,0,0,0,0,0,0,0,0,0,0,0,0,0,0,0
Arrival,https://www.imdb.com/title/tt2543164/?ref_=ev_csegosc_nom,2017,1,0,1,0,0,0,1,0,0,0,0,73,6,1,5,1,4,2,11,5,0,0,0,0,0,1,4,3,4,3,7,3,44,5,84,37,22,25,6,0,8,26,16,4,15,2,3,2,0,0,1,1,49,41
Fences,https://www.imdb.com/title/tt2671706/?ref_=ev_csegosc_nom,2017,1,0,0,0,0,0,1,0,1,0,0,30,5,1,1,1,2,2,9,2,0,0,0,0,1,1,3,3,1,0,4,1,34,6,55,41,21,10,4,0,1,11,20,3,16,1,3,0,0,0,0,0,33,28
Hacksaw Ridge,https://www.imdb.com/title/tt2119532/?ref_=ev_csegosc_nom,2017,1,0,0,0,1,0,1,0,0,0,0,122,2,0,3,1,5,1,10,4,0,0,0,0,0,0,2,2,0,0,3,1,23,4,39,10,7,3,19,8,3,18,30,3,24,6,5,2,1,0,1,1,40,28
Hell or High Water,https://www.imdb.com/title/tt2582782/?ref_=ev_csegosc_nom,2017,1,0,0,0,1,0,1,0,0,0,0,66,5,1,4,0,3,1,4,3,0,0,2,0,0,0,4,0,3,4,5,2,20,3,83,25,20,5,3,0,7,15,10,1,10,1,11,3,2,2,0,0,31,25
Hidden Figures,https://www.imdb.com/title/tt4846340/?ref_=ev_csegosc_nom,2017,0,0,0,0,0,0,1,0,1,1,0,128,3,3,3,1,7,5,11,11,0,1,0,0,1,1,4,2,0,2,15,1,50,8,63,33,12,14,5,2,10,30,41,16,40,11,9,3,0,0,9,1,61,58
La La Land,https://www.imdb.com/title/tt3783958/?ref_=ev_csegosc_nom,2017,1,1,1,1,1,1,1,1,0,0,0,231,5,2,1,3,5,5,10,2,0,0,0,0,0,0,7,2,5,3,2,3,49,12,94,46,20,13,7,2,12,33,35,5,36,6,8,2,7,2,2,0,67,50
Lion,https://www.imdb.com/title/tt3741834/?ref_=ev_csegosc_nom,2017,1,0,0,0,1,0,1,0,0,0,0,41,6,1,5,2,3,0,5,2,0,0,0,0,0,0,3,2,2,0,2,0,33,10,63,16,15,9,17,7,2,30,23,11,14,2,7,2,2,1,6,1,93,71
Manchester by the Sea,https://www.imdb.com/title/tt4034228/?ref_=ev_csegosc_nom,2017,1,0,1,0,1,0,1,0,1,0,0,73,9,2,7,2,6,1,15,4,1,0,2,1,0,0,7,3,5,4,10,3,67,15,122,72,30,26,8,2,8,27,29,9,9,0,9,2,0,0,3,0,60,36
Spotlight,https://www.imdb.com/title/tt1895587/?ref_=ev_csegosc_nom,2016,1,1,1,0,1,0,1,0,1,1,1,154,5,0,5,0,3,2,13,6,0,0,1,1,1,0,4,0,5,12,8,1,31,18,55,8,13,8,1,1,8,17,30,10,11,1,9,1,2,1,0,0,20,25
The Revenant,https://www.imdb.com/title/tt1663202/?ref_=ev_csegosc_nom,2016,1,0,1,1,1,1,1,0,0,0,0,79,3,1,2,3,0,1,0,0,0,0,0,0,0,0,1,3,0,0,3,1,29,6,66,26,24,9,20,3,6,19,20,9,21,12,11,4,1,0,2,1,56,38
Room,https://www.imdb.com/title/tt3170832/?ref_=ev_csegosc_nom,2016,1,0,0,0,1,0,0,0,0,0,0,29,4,1,2,1,7,1,8,2,0,0,2,0,1,0,3,5,4,2,7,2,27,9,40,50,11,14,6,4,3,28,17,6,12,0,5,2,1,0,0,0,47,38
Brooklyn,https://www.imdb.com/title/tt2381111/?ref_=ev_csegosc_nom,2016,1,0,0,0,0,0,1,0,0,0,0,49,2,1,6,4,2,3,8,0,0,0,0,0,0,0,1,0,0,0,8,1,14,1,12,1,9,7,18,5,2,13,30,13,2,0,4,1,1,1,0,0,25,13
Bridge of Spies,https://www.imdb.com/title/tt3682448/?ref_=ev_csegosc_nom,2016,1,0,1,0,0,0,1,0,0,0,0,174,4,2,6,0,6,2,14,2,1,3,3,2,0,4,4,1,0,0,3,3,26,5,31,24,10,13,5,1,2,9,28,11,8,8,4,1,1,1,1,1,43,61
The Martian,https://www.imdb.com/title/tt3659388/?ref_=ev_csegosc_nom,2016,1,0,0,0,0,0,1,0,0,0,0,68,7,1,7,1,15,1,17,3,0,0,2,0,2,0,7,4,5,1,13,2,52,15,81,67,26,18,12,6,3,19,53,14,31,3,12,5,6,0,1,0,68,72
Mad Max: Fury Road,https://www.imdb.com/title/tt1392190/?ref_=ev_csegosc_nom,2016,1,0,0,0,1,0,1,0,0,0,0,80,2,1,4,1,3,0,7,13,0,0,0,0,0,0,4,2,0,2,5,1,41,7,52,19,14,4,12,3,4,15,16,6,17,4,8,3,0,0,6,0,36,26
The Big Short,https://www.imdb.com/title/tt1596363/?ref_=ev_csegosc_nom,2016,1,0,1,0,0,0,1,1,1,0,0,202,11,3,6,1,15,4,20,2,0,0,3,2,3,2,16,3,5,4,17,2,85,15,92,47,25,12,11,4,14,34,58,20,153,30,18,2,2,1,16,8,184,128
Birdman or (The Unexpected Virtue of Ignorance),https://www.imdb.com/title/tt2562232/?ref_=ev_csegosc_nom,2015,1,0,1,0,0,0,1,1,1,1,1,124,6,0,8,0,3,1,7,6,0,0,2,0,0,0,6,1,4,1,5,1,37,15,80,79,21,28,10,4,1,16,30,6,16,3,16,4,3,0,1,0,41,37
American Sniper,https://www.imdb.com/title/tt2179136/?ref_=ev_csegosc_nom,2015,0,0,0,0,0,0,1,0,0,0,0,145,5,1,6,0,7,0,6,2,2,3,1,0,5,1,5,0,2,0,4,2,21,4,35,17,15,12,7,5,6,23,12,10,22,7,8,0,5,3,1,2,57,91
Boyhood,https://www.imdb.com/title/tt1065073/?ref_=ev_csegosc_nom,2015,1,1,1,1,1,1,1,0,1,0,0,107,4,1,1,1,3,1,5,1,0,0,2,0,0,0,2,3,3,1,3,1,24,7,58,25,12,13,2,1,6,5,10,3,5,2,6,0,0,0,1,0,28,13
The Imitation Game,https://www.imdb.com/title/tt2084970/?ref_=ev_csegosc_nom,2015,1,0,1,0,1,0,1,0,1,0,0,84,3,0,7,0,5,0,12,1,0,0,0,0,0,0,4,1,0,0,8,2,26,5,45,6,14,3,18,6,4,15,27,7,8,5,7,1,2,2,0,0,31,26
The Grand Budapest Hotel,https://www.imdb.com/title/tt2278388/?ref_=ev_csegosc_nom,2015,1,0,1,0,0,0,1,0,1,0,0,101,15,4,17,5,20,4,36,2,2,1,1,0,1,1,17,1,10,5,18,5,91,18,159,134,75,32,27,13,22,65,76,22,22,4,34,8,2,0,8,0,109,88
Selma,https://www.imdb.com/title/tt1020072/?ref_=ev_csegosc_nom,2015,1,0,0,0,1,0,0,0,0,0,0,142,5,3,9,2,12,3,23,3,0,0,1,0,1,2,5,2,13,1,11,6,34,7,59,40,26,5,6,2,12,37,60,17,48,11,5,1,2,1,9,0,61,57
The Theory of Everything,https://www.imdb.com/title/tt2980516/?ref_=ev_csegosc_nom,2015,1,0,1,0,1,0,1,0,1,0,0,119,5,2,14,2,10,0,8,2,0,0,0,0,0,0,2,1,1,1,4,0,10,1,31,9,14,14,13,8,1,9,12,5,1,0,7,0,0,0,1,0,13,15
Whiplash,https://www.imdb.com/title/tt2582802/?ref_=ev_csegosc_nom,2015,1,0,0,0,0,0,1,0,0,0,0,57,0,1,1,1,4,1,7,1,0,0,0,0,0,0,1,1,2,1,2,1,7,6,7,24,2,6,0,1,1,7,18,5,1,0,5,1,0,0,0,0,9,11
12 Years a Slave,https://www.imdb.com/title/tt2024544/?ref_=ev_nom,2014,1,1,1,1,1,1,1,1,1,0,1,102,6,2,9,2,17,3,23,12,0,0,0,0,0,0,8,4,8,8,14,3,85,21,154,97,36,26,19,9,6,26,40,22,24,4,18,2,2,2,5,1,82,87
The Wolf of Wall Street,https://www.imdb.com/title/tt0993846/?ref_=ev_csegosc_nom,2014,1,0,0,0,0,0,1,0,0,0,0,260,6,3,5,2,9,4,11,6,6,0,0,1,3,0,3,4,5,8,7,1,70,17,102,42,28,18,11,2,23,35,50,14,21,12,13,8,2,1,4,2,77,76
American Hustle,https://www.imdb.com/title/tt1800241/?ref_=ev_csegosc_nom,2014,1,0,1,0,0,0,1,0,1,1,0,217,9,0,6,0,5,1,8,9,2,0,1,1,1,0,4,1,5,1,7,2,34,13,74,35,23,24,3,1,7,31,24,13,19,4,5,2,0,0,3,1,59,67
Nebraska,https://www.imdb.com/title/tt1821549/?ref_=ev_csegosc_nom,2014,1,0,0,0,0,0,1,0,0,0,0,42,4,0,2,0,6,1,3,0,0,0,1,0,0,0,3,0,3,1,2,1,9,0,46,3,5,5,0,0,0,12,16,0,0,0,0,1,2,0,1,0,19,6
Captain Phillips,https://www.imdb.com/title/tt1535109/?ref_=ev_csegosc_nom,2014,1,0,1,0,1,0,1,0,0,0,0,83,5,2,5,1,5,0,10,0,0,0,0,0,0,4,4,0,5,2,5,1,25,0,39,10,16,9,4,1,3,9,12,0,5,3,7,4,2,0,0,1,27,35
Philomena,https://www.imdb.com/title/tt2431286/?ref_=ev_csegosc_nom,2014,0,0,1,0,1,0,0,0,0,0,0,87,7,0,7,2,6,1,7,0,0,0,0,0,0,0,6,0,1,1,6,1,15,2,32,7,18,4,9,3,0,6,18,8,0,0,7,0,1,0,1,1,33,32
Dallas Buyers Club,https://www.imdb.com/title/tt0790636/?ref_=ev_csegosc_nom,2014,1,0,0,0,0,0,1,0,1,0,0,93,2,2,0,0,4,3,9,4,0,0,1,0,0,0,2,3,2,6,4,4,28,6,28,31,8,5,2,0,2,10,24,11,17,3,6,4,0,0,0,1,24,25
Gravity,https://www.imdb.com/title/tt1454468/?ref_=ev_csegosc_nom,2014,1,0,1,0,1,0,1,1,0,0,0,7,9,2,7,1,9,4,10,2,1,0,1,1,1,1,7,5,1,0,9,1,34,7,63,33,17,11,7,2,4,16,18,5,11,9,6,4,0,0,7,3,46,42
Her,https://www.imdb.com/title/tt1798709/?ref_=ev_csegosc_nom,2014,1,0,0,0,0,0,1,0,0,0,0,91,12,1,9,1,10,1,7,1,1,0,1,1,1,0,5,4,2,3,8,1,73,13,130,53,45,19,11,2,12,28,32,6,24,10,13,9,5,1,1,0,103,55
Argo,https://www.imdb.com/title/tt1024648/?ref_=ev_csegosc_nom,2013,1,1,1,1,1,1,1,1,1,1,1,250,3,3,3,3,10,4,14,13,1,1,2,0,3,1,5,3,4,3,14,2,56,14,76,27,18,14,3,1,14,41,59,15,22,5,10,9,3,1,3,5,67,65
Amour,https://www.imdb.com/title/tt1602620/?ref_=ev_csegosc_nom,2013,0,0,1,1,0,0,0,0,0,0,0,14,1,0,1,2,0,0,0,0,0,0,0,0,0,0,1,0,0,0,1,0,14,1,10,4,11,4,12,5,0,38,3,0,0,0,1,2,0,0,0,0,13,32
Beasts of the Southern Wild,https://www.imdb.com/title/tt2125435/?ref_=ev_csegosc_nom,2013,1,0,0,0,0,0,1,0,0,0,0,21,1,0,0,0,0,0,0,0,0,0,0,0,0,0,1,1,1,0,0,1,10,3,17,9,2,3,1,0,0,2,4,1,3,1,3,0,0,0,0,0,5,6
Django Unchained,https://www.imdb.com/title/tt1853728/?ref_=ev_csegosc_nom,2013,1,0,0,0,1,0,1,0,0,0,0,151,2,3,1,2,3,3,5,2,2,0,1,0,0,0,1,2,2,2,2,1,26,14,60,43,22,30,10,4,6,32,7,6,11,4,14,7,0,0,5,1,62,79
Les Misérables,https://www.imdb.com/title/tt1707386/?ref_=ev_csegosc_nom,2013,1,0,1,0,0,0,1,0,1,0,0,260,0,0,0,0,0,0,0,0,0,0,0,0,0,0,0,0,0,0,0,0,0,0,0,0,0,0,0,0,0,0,0,0,0,0,0,0,0,0,0,0,0,0
Life of Pi,https://www.imdb.com/title/tt0454876/?ref_=ev_csegosc_nom,2013,1,0,1,0,1,0,1,0,0,0,0,43,0,0,0,0,0,0,0,0,0,0,0,0,0,0,0,0,0,0,0,0,0,0,0,0,0,0,1,0,0,0,1,0,0,0,0,0,0,0,0,0,1,1
Lincoln,https://www.imdb.com/title/tt0443272/?ref_=ev_csegosc_nom,2013,1,0,1,0,1,0,1,0,1,0,0,227,3,2,2,3,4,2,8,5,0,0,0,0,0,0,2,3,2,3,4,5,27,13,41,54,19,19,6,5,0,17,4,5,5,3,5,2,0,0,0,0,23,20
Silver Linings Playbook,https://www.imdb.com/title/tt1045658/?ref_=ev_csegosc_nom,2013,1,0,0,0,0,0,1,0,1,0,0,135,3,0,3,0,2,1,2,1,0,0,0,0,0,0,1,0,2,0,2,0,10,2,18,2,7,11,0,1,2,10,5,4,8,1,4,0,0,0,1,1,30,26
Zero Dark Thirty,https://www.imdb.com/title/tt1790885/?ref_=ev_csegosc_nom,2013,1,0,1,0,1,0,1,0,0,0,0,113,2,0,3,1,1,0,11,4,0,0,0,0,0,0,1,1,1,0,3,1,28,6,24,34,10,9,5,4,0,12,18,3,2,3,2,1,1,0,0,0,17,18
The Artist,https://www.imdb.com/title/tt1655442/?ref_=ev_csegosc_nom,2012,1,1,1,1,0,0,1,1,1,0,1,103,2,1,1,1,7,2,17,1,0,1,0,0,0,0,2,0,0,1,2,0,24,6,26,7,8,2,4,3,2,17,16,4,8,1,7,2,0,0,0,0,27,25
The Tree of Life,https://www.imdb.com/title/tt0478304/?ref_=ev_csegosc_nom,2012,1,0,0,0,0,0,0,0,0,0,0,58,4,2,6,0,7,1,3,2,1,0,1,0,0,1,3,3,4,2,7,1,31,6,55,52,15,19,3,0,7,25,4,5,6,1,7,2,0,0,8,1,42,42
The Descendants,https://www.imdb.com/title/tt1033575/?ref_=ev_csegosc_nom,2012,1,0,1,0,1,1,1,0,1,0,0,54,5,0,4,0,5,3,11,0,1,0,1,1,1,0,5,1,1,1,6,1,27,1,71,34,14,11,4,2,4,12,16,2,8,5,7,2,1,0,2,0,49,16
Extremely Loud & Incredibly Close,https://www.imdb.com/title/tt0477302/?ref_=ev_csegosc_nom,2012,1,0,0,0,0,0,0,0,0,0,0,68,6,3,4,0,10,3,7,2,0,0,0,0,0,3,0,4,3,0,7,1,19,7,39,20,16,8,1,3,1,20,20,4,17,7,9,2,0,0,6,4,41,62
The Help,https://www.imdb.com/title/tt1454029/?ref_=ev_csegosc_nom,2012,1,0,1,0,1,0,1,0,1,1,0,72,8,2,8,1,7,3,12,10,0,0,0,0,0,0,0,4,5,1,5,17,26,22,48,88,15,33,2,0,3,19,22,7,16,2,11,0,0,0,0,0,37,39
Hugo,https://www.imdb.com/title/tt0970179/?ref_=ev_csegosc_nom,2012,1,0,0,0,1,0,1,0,0,0,0,63,5,1,8,4,9,2,7,5,2,0,2,1,1,1,9,1,1,4,10,3,31,7,40,46,32,23,21,15,5,23,29,11,13,7,22,7,0,0,4,0,61,63
Midnight in Paris,https://www.imdb.com/title/tt1605783/?ref_=ev_csegosc_nom,2012,1,0,0,0,0,0,1,0,1,0,0,49,3,3,9,1,4,1,14,0,1,0,1,0,0,0,4,1,2,0,8,4,38,6,52,13,19,8,10,5,2,23,22,7,16,5,11,1,0,0,3,0,32,46
Moneyball,https://www.imdb.com/title/tt1210166/?ref_=ev_csegosc_nom,2012,1,0,0,0,1,0,1,0,0,0,0,188,4,1,5,1,9,1,7,1,1,0,0,0,0,0,6,1,5,5,9,1,35,4,42,38,15,20,4,0,8,19,18,7,20,6,10,6,0,0,5,1,42,37
War Horse,https://www.imdb.com/title/tt1568911/?ref_=ev_csegosc_nom,2012,1,0,0,0,1,0,1,0,0,0,0,99,2,0,8,1,4,0,2,1,0,0,0,0,0,0,1,1,1,1,2,0,15,2,13,10,17,13,25,12,2,39,20,14,1,0,9,1,0,0,1,0,29,24
The King's Speech,https://www.imdb.com/title/tt1504320/?ref_=ev_csegosc_nom,2011,1,0,1,1,1,0,1,1,1,1,1,66,3,1,10,11,6,2,4,9,0,0,0,0,0,0,4,3,0,0,8,3,13,4,34,15,13,8,13,5,0,15,13,9,4,0,8,1,0,0,0,0,19,8
127 Hours,https://www.imdb.com/title/tt1542344/?ref_=ev_csegosc_nom,2011,1,0,0,0,0,0,1,0,0,0,0,41,2,0,1,0,5,1,5,0,0,0,0,0,1,0,2,1,1,2,4,0,11,2,14,6,2,0,1,0,6,2,10,1,5,0,3,0,0,0,1,0,10,5
Black Swan,https://www.imdb.com/title/tt0947798/?ref_=ev_csegosc_nom,2011,1,0,1,0,1,0,1,0,1,0,0,63,4,1,4,1,5,4,6,1,0,0,0,0,0,0,3,1,1,1,5,0,22,7,26,22,9,8,3,1,0,10,17,2,21,4,12,7,0,0,10,0,34,40
The Fighter,https://www.imdb.com/title/tt0964517/?ref_=ev_csegosc_nom,2011,1,0,0,0,1,0,1,0,1,0,0,206,5,1,0,1,2,1,8,2,0,0,0,0,1,0,2,1,1,2,4,1,26,3,37,28,18,13,0,0,1,8,18,2,2,1,3,1,0,0,2,0,23,14
Inception,https://www.imdb.com/title/tt1375666/?ref_=ev_csegosc_nom,2011,1,0,1,0,1,0,1,0,0,0,0,87,7,3,12,3,8,3,6,1,0,0,0,0,0,0,6,0,0,1,8,4,36,9,65,25,31,17,15,6,0,25,16,3,14,10,23,4,0,0,5,1,45,51
The Kids Are All Right,https://www.imdb.com/title/tt0842926/?ref_=ev_csegosc_nom,2011,0,0,0,0,0,0,1,0,1,0,0,21,10,0,7,1,3,1,10,0,0,0,1,0,0,0,4,1,6,2,4,1,24,6,71,16,34,20,5,1,1,18,9,4,13,4,18,1,0,0,2,1,18,27
The Social Network,https://www.imdb.com/title/tt1285016/?ref_=ev_csegosc_nom,2011,1,1,1,0,1,1,1,0,1,0,0,195,1,1,4,2,2,1,8,0,0,0,0,0,3,2,4,0,1,0,3,0,36,12,56,41,21,13,2,1,0,25,19,8,30,7,3,2,0,0,1,0,30,43
Toy Story 3,https://www.imdb.com/title/tt0435761/?ref_=ev_csegosc_nom,2011,1,0,0,0,0,0,1,0,0,0,0,59,11,4,6,2,13,3,8,0,0,0,0,0,2,3,2,1,0,1,7,1,22,1,15,12,17,10,2,1,2,5,47,7,27,15,11,6,0,0,9,3,74,67
True Grit,https://www.imdb.com/title/tt1403865/?ref_=ev_csegosc_nom,2011,1,0,1,0,0,0,1,0,0,0,0,55,7,2,3,0,4,1,15,2,0,0,1,0,2,0,8,3,3,2,8,1,22,5,59,17,20,8,1,1,1,9,18,2,11,3,8,1,0,0,2,1,23,25
Winter's Bone,https://www.imdb.com/title/tt1399683/?ref_=ev_csegosc_nom,2011,1,0,0,0,0,0,0,0,0,0,0,32,1,0,0,0,0,0,3,1,0,0,0,0,0,0,0,0,1,2,2,0,7,3,22,4,4,1,0,0,1,9,0,0,0,0,5,1,0,0,0,0,8,7
The Hurt Locker,https://www.imdb.com/title/tt0887912/?ref_=ev_csegosc_nom,2010,1,1,1,1,1,0,1,1,1,0,1,39,3,0,3,0,3,0,11,1,0,0,0,0,0,0,1,0,5,0,5,1,36,5,28,7,10,16,8,3,1,7,18,0,7,0,13,3,0,0,4,0,21,16
A Serious Man,https://www.imdb.com/title/tt1019452/?ref_=ev_csegosc_nom,2010,1,0,0,0,0,0,0,0,0,0,0,76,1,0,0,0,2,0,8,0,1,0,0,0,0,0,0,0,0,6,0,1,4,0,2,0,10,1,0,0,0,2,7,5,2,0,0,0,0,0,0,0,11,2
An Education,https://www.imdb.com/title/tt1174732/?ref_=ev_csegosc_nom,2010,1,0,1,0,0,0,1,0,1,0,0,34,4,2,2,2,4,1,11,0,0,0,0,1,0,0,4,1,4,0,9,1,28,4,24,24,18,19,17,10,0,11,13,3,2,0,7,1,0,0,0,0,15,24
Avatar,https://www.imdb.com/title/tt0499549/?ref_=ev_csegosc_nom,2010,1,0,1,0,1,1,1,0,0,0,0,152,3,0,2,1,3,1,6,2,0,0,0,0,0,0,0,0,1,1,4,2,12,0,9,3,3,2,2,4,3,11,24,3,22,2,14,7,0,0,7,1,23,25
District 9,https://www.imdb.com/title/tt1136608/?ref_=ev_csegosc_nom,2010,0,0,0,0,0,0,1,0,0,0,0,99,2,0,3,0,1,0,0,0,0,0,0,0,0,0,1,0,0,0,2,0,10,0,4,5,3,2,2,0,0,0,7,4,2,0,7,1,0,0,0,0,8,6
Inglourious Basterds,https://www.imdb.com/title/tt0361748/?ref_=ev_csegosc_nom,2010,1,0,0,0,1,0,1,0,1,1,0,84,1,1,2,2,2,1,4,15,2,0,4,0,0,0,2,1,3,2,4,1,20,48,29,80,8,22,15,6,10,39,15,14,23,4,17,9,0,0,12,3,90,117
Precious,https://www.imdb.com/title/tt0929632/?ref_=ev_csegosc_nom,2010,1,0,1,0,1,0,1,0,1,0,0,66,1,2,1,1,3,3,7,2,0,0,0,0,0,0,1,1,0,2,0,2,13,7,12,24,13,19,0,0,0,6,17,5,42,22,0,2,0,0,5,3,53,41
The Blind Side,https://www.imdb.com/title/tt0878804/?ref_=ev_csegosc_nom,2010,0,0,0,0,0,0,0,0,0,0,0,134,2,2,2,0,4,1,2,2,1,0,0,0,0,0,3,3,1,0,3,1,6,3,15,7,7,2,0,0,0,6,4,1,13,6,4,1,0,0,7,3,13,29
Up,https://www.imdb.com/title/tt1049413/?ref_=ev_csegosc_nom,2010,1,0,0,0,0,0,1,0,0,0,0,33,5,1,3,1,5,2,5,2,0,0,0,0,0,0,2,0,1,0,4,1,16,1,10,5,12,5,0,0,0,5,22,6,3,1,4,0,0,0,0,0,46,32
Up in the Air,https://www.imdb.com/title/tt1193138/?ref_=ev_csegosc_nom,2010,1,0,1,0,1,0,1,0,0,0,0,138,4,0,4,0,4,1,9,0,1,0,2,1,0,0,9,1,4,0,5,4,39,1,59,25,29,10,4,2,2,8,16,5,11,2,5,2,0,0,1,0,33,21
Slumdog Millionaire,https://www.imdb.com/title/tt1010048/?ref_=ev_csegosc_nom,2009,1,1,1,1,1,1,1,1,1,1,1,90,0,0,2,0,0,0,1,10,0,0,0,0,0,0,0,1,0,0,0,0,2,0,10,3,3,2,3,1,0,6,6,2,8,9,1,0,0,0,0,0,46,30
The Curious Case of Benjamin Button,https://www.imdb.com/title/tt0421715/?ref_=ev_csegosc_nom,2009,1,0,1,0,1,0,1,0,1,1,0,149,3,1,4,1,4,0,10,0,0,0,0,0,0,0,8,0,2,2,4,2,22,3,36,31,19,6,8,7,0,13,8,1,11,1,14,5,0,0,6,1,26,42
Frost/Nixon,https://www.imdb.com/title/tt0870111/?ref_=ev_csegosc_nom,2009,1,0,1,0,1,0,1,0,1,0,0,110,1,0,5,0,4,0,11,1,0,0,0,0,0,0,1,1,1,0,3,0,6,2,5,3,8,3,2,2,0,8,26,6,6,1,4,0,0,0,0,0,5,19
Milk,https://www.imdb.com/title/tt1013753/?ref_=ev_csegosc_nom,2009,1,0,1,0,0,0,1,0,1,0,0,166,4,3,4,0,4,3,16,2,1,0,2,2,0,0,7,8,2,4,6,2,43,5,36,20,14,14,2,0,4,19,22,3,21,5,8,4,0,0,2,3,40,35
The Reader,https://www.imdb.com/title/tt0976051/?ref_=ev_csegosc_nom,2009,1,0,1,0,1,0,0,0,0,0,0,64,6,1,4,0,3,0,4,1,0,0,0,0,0,0,3,1,0,0,4,0,11,7,16,14,15,11,12,11,3,24,21,12,10,2,5,2,0,0,4,0,44,53
No Country for Old Men,https://www.imdb.com/title/tt0477348/?ref_=ev_csegosc_nom,2008,1,1,1,0,1,0,1,1,1,1,1,54,3,1,1,1,4,1,2,6,0,0,0,0,0,0,5,2,2,1,4,2,12,13,14,19,5,16,4,2,0,13,16,3,2,0,3,1,0,0,4,1,13,33
Atonement,https://www.imdb.com/title/tt0783233/?ref_=ev_csegosc_nom,2008,1,0,1,1,1,1,0,0,0,0,0,86,9,2,14,4,14,2,5,1,0,1,3,0,0,0,2,2,1,0,13,1,26,2,14,5,28,16,26,6,4,16,18,11,5,5,5,0,0,0,0,0,44,40
Juno,https://www.imdb.com/title/tt0467406/?ref_=ev_csegosc_nom,2008,1,0,0,0,0,0,1,0,0,0,0,43,1,0,2,0,6,2,6,1,0,0,0,0,0,0,11,1,1,1,5,4,22,5,10,20,4,2,1,0,0,4,23,6,25,7,13,4,0,0,0,0,21,27
Michael Clayton,https://www.imdb.com/title/tt0465538/?ref_=ev_csegosc_nom,2008,1,0,0,0,1,0,1,0,0,0,0,74,9,3,12,3,8,0,7,1,5,0,5,1,2,0,5,0,3,1,7,4,23,0,45,17,22,12,6,2,14,31,23,6,4,1,8,2,0,0,2,0,43,32
There Will Be Blood,https://www.imdb.com/title/tt0469494/?ref_=ev_csegosc_nom,2008,1,0,1,0,1,0,1,0,0,0,0,60,2,1,2,2,1,1,0,3,0,0,1,0,0,0,0,3,1,1,0,1,7,7,7,28,7,13,3,3,0,8,4,2,1,0,1,2,0,0,0,0,4,9
The Departed,https://www.imdb.com/title/tt0407887/?ref_=ev_csegosc_nom,2007,1,1,1,0,1,0,1,0,1,0,1,159,7,2,7,3,7,4,16,1,0,2,1,0,3,0,11,2,2,0,10,10,37,7,31,32,34,41,7,3,3,21,24,13,23,5,10,2,0,0,7,1,40,46
Babel,https://www.imdb.com/title/tt0449467/?ref_=ev_csegosc_nom,2007,1,0,1,0,1,1,1,0,1,1,0,199,2,0,2,0,3,0,7,1,0,0,0,0,0,0,6,0,0,0,4,0,21,5,23,29,14,5,5,4,1,25,7,1,8,4,11,3,0,0,5,1,28,50
Letters from Iwo Jima,https://www.imdb.com/title/tt0498380/?ref_=ev_csegosc_nom,2007,1,0,0,0,0,0,0,0,0,0,0,63,1,0,0,0,1,0,4,2,0,0,0,0,0,0,1,0,0,1,1,0,4,0,3,0,1,0,0,0,2,2,1,0,2,0,1,0,0,0,0,0,5,13
Little Miss Sunshine,https://www.imdb.com/title/tt0449059/?ref_=ev_csegosc_nom,2007,1,0,1,0,0,0,1,1,1,1,0,53,5,1,2,1,4,0,4,3,0,0,1,2,0,1,1,2,2,3,5,0,19,11,16,16,8,5,2,0,0,5,10,4,6,1,2,1,0,0,2,0,25,14
The Queen,https://www.imdb.com/title/tt0436697/?ref_=ev_csegosc_nom,2007,1,0,1,1,1,0,1,0,0,0,0,66,11,5,15,6,8,4,11,1,1,1,3,0,1,1,2,3,0,0,5,2,24,10,29,40,29,35,23,9,4,21,27,25,28,19,10,4,0,0,11,4,64,135
Crash,https://www.imdb.com/title/tt0375679/?ref_=ev_csegosc_nom,2006,1,0,1,0,0,0,1,0,1,1,1,54,4,0,3,1,9,0,8,14,0,0,0,0,0,0,5,13,4,3,5,3,19,30,16,10,12,8,2,1,1,9,18,7,46,9,3,1,0,0,9,1,56,44
Brokeback Mountain,https://www.imdb.com/title/tt0388795/?ref_=ev_csegosc_nom,2006,1,1,1,1,1,1,1,1,1,0,0,65,5,0,5,1,3,1,6,0,0,0,0,0,0,0,2,0,3,0,1,1,12,5,28,14,11,2,2,2,0,3,11,6,14,1,5,1,0,0,3,0,24,14
Capote,https://www.imdb.com/title/tt0379725/?ref_=ev_csegosc_nom,2006,1,0,1,0,0,0,1,0,1,0,0,77,3,1,1,2,1,1,7,3,0,0,0,0,0,0,1,1,5,1,3,4,17,0,13,23,8,15,1,0,2,6,3,1,2,0,3,5,0,0,0,0,12,4
"Good Night, and Good Luck.",https://www.imdb.com/title/tt0433383/?ref_=ev_csegosc_nom,2006,1,0,1,0,1,0,1,0,1,0,0,46,4,0,4,2,6,2,18,1,1,0,3,2,1,1,3,0,6,0,7,3,30,1,25,16,10,9,1,1,6,21,14,6,1,5,11,7,0,0,3,0,24,19
Munich,https://www.imdb.com/title/tt0408306/?ref_=ev_csegosc_nom,2006,1,0,0,0,0,0,0,0,0,0,0,150,2,1,3,2,2,1,2,1,0,0,0,0,0,0,1,1,0,0,3,1,6,2,10,11,7,5,20,6,12,42,9,14,1,0,5,0,0,0,0,0,30,56
Million Dollar Baby,https://www.imdb.com/title/tt0405159/?ref_=ev_csegosc_nom,2005,1,0,0,0,1,0,1,0,1,0,1,91,1,3,3,0,1,3,5,2,1,2,0,0,2,0,0,2,1,1,1,2,20,3,12,24,13,14,4,3,1,12,7,4,5,3,2,1,0,0,1,0,25,42
The Aviator,https://www.imdb.com/title/tt0338751/?ref_=ev_csegosc_nom,2005,1,0,1,1,1,1,1,1,1,1,0,117,12,1,13,2,8,3,16,5,1,4,5,3,1,0,4,2,5,3,5,4,34,9,24,32,35,23,11,6,4,24,38,4,23,11,17,4,0,0,11,1,42,68
Finding Neverland,https://www.imdb.com/title/tt0308644/?ref_=ev_csegosc_nom,2005,1,0,1,0,1,0,1,0,1,0,0,66,9,3,10,2,5,2,12,1,1,0,0,0,0,0,5,1,2,2,4,2,9,3,14,8,14,15,9,13,4,15,11,6,12,10,11,1,0,0,2,0,33,35
Ray,https://www.imdb.com/title/tt0350258/?ref_=ev_csegosc_nom,2005,1,0,0,0,0,0,0,0,1,0,0,95,0,0,0,0,0,0,9,1,0,0,0,0,0,0,0,0,1,0,2,3,4,2,2,5,5,4,0,0,1,4,11,3,18,4,2,0,0,0,1,0,19,14
Sideways,https://www.imdb.com/title/tt0375063/?ref_=ev_csegosc_nom,2005,1,1,0,0,0,0,1,0,1,1,0,39,2,0,0,0,2,0,2,2,0,0,0,0,0,0,1,5,1,3,3,1,23,4,16,33,10,17,0,0,0,4,2,3,2,0,3,4,0,0,0,0,6,10
The Lord of the Rings: The Return of the King,https://www.imdb.com/title/tt0167260/?ref_=ev_csegosc_nom,2004,1,1,1,1,1,1,1,1,1,1,1,159,7,10,18,5,4,5,30,18,3,1,3,0,0,1,1,21,0,1,16,2,53,68,61,101,33,55,25,18,11,19,31,29,21,4,31,15,0,0,3,1,69,87
Lost in Translation,https://www.imdb.com/title/tt0335266/?ref_=ev_csegosc_nom,2004,1,0,1,0,0,0,0,0,0,0,0,52,1,0,1,2,2,1,2,0,0,0,0,0,0,0,1,0,2,2,1,1,10,4,14,8,8,11,1,0,0,3,12,3,10,3,7,2,0,0,1,0,7,10
Master and Commander: The Far Side of the World,https://www.imdb.com/title/tt0311113/?ref_=ev_csegosc_nom,2004,1,0,1,0,1,0,1,0,0,0,0,28,0,0,2,0,0,0,3,1,0,0,0,0,0,0,1,1,0,0,0,0,4,3,4,2,3,4,2,2,0,0,2,0,0,1,0,0,0,0,0,0,2,1
Mystic River,https://www.imdb.com/title/tt0327056/?ref_=ev_csegosc_nom,2004,1,0,0,0,1,0,1,0,1,0,0,100,6,3,5,1,6,4,7,2,0,0,0,0,1,1,2,2,5,2,3,0,30,2,23,20,19,17,2,0,8,31,6,4,11,3,7,1,0,0,2,0,16,13
Seabiscuit,https://www.imdb.com/title/tt0329575/?ref_=ev_csegosc_nom,2004,1,0,0,0,1,0,1,0,1,0,0,93,7,0,0,0,3,0,4,0,1,0,4,1,1,1,1,0,3,2,5,1,3,3,5,4,2,5,0,0,0,9,6,4,4,0,5,2,0,0,0,1,16,9
Chicago,https://www.imdb.com/title/tt0299658/?ref_=ev_csegosc_nom,2003,1,1,1,0,0,0,1,1,0,0,1,121,4,1,3,1,8,2,9,19,0,0,0,0,0,0,2,15,5,0,6,1,41,7,31,6,8,2,2,2,1,5,20,11,23,13,4,0,0,0,10,0,32,21
Gangs of New York,https://www.imdb.com/title/tt0217505/?ref_=ev_csegosc_nom,2003,1,0,1,0,1,0,1,0,0,0,0,182,4,1,7,2,12,1,11,2,0,2,2,1,0,0,3,2,3,2,7,3,26,4,16,20,24,24,6,5,5,26,12,4,10,7,8,2,0,0,1,2,21,43
The Hours,https://www.imdb.com/title/tt0274558/?ref_=ev_csegosc_nom,2003,1,0,1,0,1,1,0,0,0,0,0,28,12,1,11,2,9,2,10,2,0,0,0,0,0,0,5,4,5,1,7,3,19,15,35,26,18,18,6,5,1,10,16,7,9,6,15,4,0,0,1,0,11,27
The Lord of the Rings: The Two Towers,https://www.imdb.com/title/tt0167261/?ref_=ev_csegosc_nom,2003,1,0,1,0,1,0,1,0,1,1,0,162,10,0,7,1,4,2,29,1,3,0,2,0,2,0,1,2,0,1,8,1,41,40,25,58,15,44,15,16,6,11,21,16,19,3,16,12,0,0,3,1,48,46
The Pianist,https://www.imdb.com/title/tt0253474/?ref_=ev_csegosc_nom,2003,1,0,1,1,1,0,0,0,0,0,0,98,1,1,6,1,2,0,1,0,0,0,0,0,0,0,0,0,1,0,0,1,2,0,4,0,1,2,2,1,1,11,1,1,0,0,1,0,0,0,0,0,15,7
A Beautiful Mind,https://www.imdb.com/title/tt0268978/?ref_=ev_csegosc_nom,2002,1,1,1,0,1,1,1,0,0,0,1,120,4,3,2,1,9,4,10,0,1,2,0,0,0,0,1,3,1,0,3,1,13,3,14,9,7,8,2,0,2,2,10,5,2,1,8,1,0,0,0,0,19,12
Gosford Park,https://www.imdb.com/title/tt0280707/?ref_=ev_csegosc_nom,2002,0,0,0,0,0,0,0,0,0,0,0,61,10,2,17,9,9,0,3,16,0,0,0,0,0,0,0,20,1,0,3,18,25,0,28,25,17,30,5,14,2,18,8,7,11,0,13,1,0,0,5,0,15,11
In the Bedroom,https://www.imdb.com/title/tt0247425/?ref_=ev_csegosc_nom,2002,1,0,0,0,1,0,0,0,0,0,0,83,6,2,7,1,3,2,10,0,0,0,0,0,0,0,1,1,2,2,3,2,7,1,12,9,9,10,0,0,0,4,10,3,5,0,7,2,0,0,1,0,12,7
The Lord of the Rings: The Fellowship of the Ring,https://www.imdb.com/title/tt0120737/?ref_=ev_csegosc_nom,2002,1,0,1,1,1,0,1,0,1,1,0,156,4,1,7,2,3,1,14,1,2,0,2,0,0,0,1,1,0,1,6,0,16,18,14,35,12,11,8,11,11,16,18,21,16,3,17,9,0,0,3,1,16,30
Moulin Rouge!,https://www.imdb.com/title/tt0203009/?ref_=ev_csegosc_nom,2002,1,0,1,0,0,0,1,1,0,0,0,137,2,1,4,0,2,1,7,0,0,0,0,0,0,0,1,0,0,0,1,2,15,2,15,4,6,9,18,10,0,4,19,10,11,7,4,3,0,0,2,0,25,36
Gladiator,https://www.imdb.com/title/tt0172495/?ref_=ev_csegosc_nom,2001,1,1,1,1,1,1,1,1,0,0,1,70,3,0,6,2,3,1,8,0,0,0,0,0,0,0,0,1,0,0,2,0,2,0,8,1,3,3,1,5,2,8,7,3,12,4,2,0,0,0,1,0,12,7
Chocolat,https://www.imdb.com/title/tt0241303/?ref_=ev_csegosc_nom,2001,0,0,0,0,0,0,0,0,0,0,0,35,4,1,2,3,6,1,11,0,0,0,0,0,0,0,0,0,0,0,0,0,5,3,9,3,6,5,1,4,2,9,5,2,3,3,6,2,0,0,2,0,7,20
"Crouching Tiger, Hidden Dragon",https://www.imdb.com/title/tt0190332/?ref_=ev_csegosc_nom,2001,1,0,1,1,0,0,1,0,0,0,0,31,0,0,2,0,0,0,0,0,0,2,0,0,0,0,0,0,1,1,0,0,2,0,3,3,2,0,0,0,4,8,3,4,5,1,5,0,0,0,1,0,16,9
Erin Brockovich,https://www.imdb.com/title/tt0195685/?ref_=ev_csegosc_nom,2001,1,0,1,0,1,0,1,0,0,0,0,59,9,1,5,2,4,0,0,3,0,0,0,0,1,0,0,0,1,1,3,1,2,0,7,2,6,11,1,1,0,4,18,8,9,5,5,1,0,0,3,0,10,15
Traffic,https://www.imdb.com/title/tt0181865/?ref_=ev_csegosc_nom,2001,1,0,0,0,1,0,0,0,0,0,0,150,7,3,4,2,11,2,7,18,0,0,0,0,0,0,1,0,1,3,3,1,1,4,14,14,10,15,0,3,0,9,16,5,16,6,7,1,0,0,15,1,28,31
American Beauty,https://www.imdb.com/title/tt0169547/?ref_=ev_csegosc_nom,2000,1,1,1,1,1,1,1,1,1,1,1,45,2,3,5,3,2,3,0,4,0,0,0,0,0,1,0,1,1,0,1,0,9,4,8,13,9,12,0,2,0,9,13,9,16,2,4,4,0,0,3,2,3,18
The Cider House Rules,https://www.imdb.com/title/tt0124315/?ref_=ev_csegosc_nom,2000,1,0,0,0,0,0,1,0,1,0,0,37,7,3,5,2,9,2,13,2,0,0,1,0,0,0,0,0,1,0,6,2,1,0,4,2,8,7,1,3,0,2,13,5,8,1,1,1,0,0,2,0,15,12
The Green Mile,https://www.imdb.com/title/tt0120689/?ref_=ev_csegosc_nom,2000,1,0,0,0,0,0,0,0,1,0,0,59,6,4,2,1,8,3,17,3,0,0,0,0,0,0,0,1,2,0,1,1,21,0,11,5,7,7,0,1,2,5,15,9,8,4,4,8,0,0,1,0,15,36
The Insider,https://www.imdb.com/title/tt0140352/?ref_=ev_csegosc_nom,2000,1,0,0,0,1,0,1,0,0,0,0,84,6,1,4,3,1,0,2,0,0,1,2,0,0,0,0,0,4,0,4,0,4,1,9,3,9,10,0,0,2,10,19,9,14,1,6,1,0,0,2,0,22,19
The Sixth Sense,https://www.imdb.com/title/tt0167404/?ref_=ev_csegosc_nom,2000,1,0,1,0,0,0,0,0,0,0,0,62,3,0,2,0,5,1,1,0,1,0,1,0,0,0,0,1,0,0,0,2,5,1,4,7,4,1,0,1,0,1,8,5,6,7,9,3,0,0,2,2,8,6
Shakespeare in Love,https://www.imdb.com/title/tt0138097/?ref_=ev_csegosc_nom,1999,1,0,1,1,0,0,1,0,1,1,1,62,1,3,10,4,2,2,1,8,0,0,1,0,0,0,0,2,0,0,2,3,6,1,8,14,11,9,2,1,1,2,15,8,4,4,8,0,0,0,0,1,4,16
Elizabeth,https://www.imdb.com/title/tt0127536/?ref_=ev_csegosc_nom,1999,1,0,1,0,1,0,0,0,0,0,0,62,2,4,14,4,4,5,1,0,1,1,0,0,0,0,0,2,0,0,4,0,2,0,4,9,9,13,5,6,3,13,11,5,8,1,2,0,0,0,0,0,8,18
Life Is Beautiful,https://www.imdb.com/title/tt0118799/?ref_=ev_csegosc_nom,1999,1,0,1,0,0,0,1,0,1,0,0,55,2,1,2,1,0,0,9,1,1,0,0,0,0,0,0,0,1,0,1,0,0,0,2,3,1,1,0,3,1,16,5,0,0,1,2,1,0,0,1,0,23,37
Saving Private Ryan,https://www.imdb.com/title/tt0120815/?ref_=ev_csegosc_nom,1999,1,1,1,0,1,1,1,1,1,0,0,106,2,3,2,0,1,1,10,0,0,0,1,0,0,1,0,0,1,1,2,0,4,2,5,8,9,3,0,1,3,5,8,0,15,2,4,1,0,0,2,1,18,22
The Thin Red Line,https://www.imdb.com/title/tt0120863/?ref_=ev_csegosc_nom,1999,1,0,0,0,0,0,0,0,0,0,0,92,5,0,1,0,7,2,5,0,0,0,0,0,0,0,0,0,3,1,1,17,4,2,9,4,13,8,7,1,3,9,19,3,5,3,3,3,0,0,4,1,19,16
Titanic,https://www.imdb.com/title/tt0120338/?ref_=ev_csegosc_nom,1998,1,0,1,0,1,1,1,1,1,0,1,179,1,2,5,0,2,1,11,2,0,1,1,0,0,1,0,1,1,0,0,2,4,2,7,8,5,7,1,2,0,4,7,3,12,7,9,3,0,0,1,1,18,19
As Good as It Gets,https://www.imdb.com/title/tt0119822/?ref_=ev_csegosc_nom,1998,1,0,0,0,0,0,1,0,0,0,0,81,11,3,3,3,10,5,3,3,1,0,4,1,1,0,0,2,2,0,6,4,8,2,8,13,11,19,0,0,8,12,24,16,12,7,12,2,0,0,8,1,27,26
The Full Monty,https://www.imdb.com/title/tt0119164/?ref_=ev_csegosc_nom,1998,1,0,1,1,0,0,0,0,1,1,0,36,0,0,4,2,0,0,0,10,0,0,0,0,0,0,0,0,0,0,3,0,1,0,0,0,0,1,0,1,0,1,7,1,0,0,1,0,0,0,0,0,1,1
Good Will Hunting,https://www.imdb.com/title/tt0119217/?ref_=ev_csegosc_nom,1998,1,0,0,0,1,0,1,0,1,0,0,65,5,3,2,0,1,3,5,2,0,0,2,0,0,0,0,0,2,0,3,1,4,3,2,5,5,5,0,1,1,5,9,3,8,3,6,1,0,0,1,1,14,17
L.A. Confidential,https://www.imdb.com/title/tt0119488/?ref_=ev_csegosc_nom,1998,1,1,1,0,1,0,1,0,1,0,0,114,7,5,10,1,12,11,5,2,0,0,0,0,0,0,0,1,1,0,2,0,4,1,2,4,7,10,0,1,3,7,16,3,6,2,6,3,0,0,7,0,39,55
The English Patient,https://www.imdb.com/title/tt0116209/?ref_=ev_csegosc_nom,1997,1,0,1,1,1,1,1,1,1,0,1,41,4,1,1,2,3,0,9,0,0,0,0,0,0,0,0,0,2,0,2,0,3,2,4,3,2,5,1,4,0,9,4,0,0,0,4,1,0,0,3,0,3,9
Fargo,https://www.imdb.com/title/tt0116282/?ref_=ev_csegosc_nom,1997,1,1,1,0,0,0,0,0,0,0,0,42,1,0,0,0,0,1,0,0,0,0,0,0,0,0,0,1,5,2,1,0,1,8,3,8,3,3,0,1,2,1,5,1,2,1,3,2,0,0,2,0,5,7
Jerry Maguire,https://www.imdb.com/title/tt0116695/?ref_=ev_csegosc_nom,1997,1,0,0,0,0,0,0,0,0,0,0,175,2,1,1,0,4,3,3,1,0,0,1,0,0,1,1,2,2,0,1,2,2,0,3,4,4,3,1,0,0,1,11,5,11,7,2,1,0,0,0,1,13,16
Secrets & Lies,https://www.imdb.com/title/tt0117589/?ref_=ev_csegosc_nom,1997,0,0,1,0,1,0,0,0,0,0,0,67,2,0,3,3,1,1,1,0,0,0,0,0,0,0,0,0,0,0,1,0,2,0,3,0,1,4,0,3,1,7,1,1,0,0,2,0,0,0,0,0,4,3
Shine,https://www.imdb.com/title/tt0117631/?ref_=ev_csegosc_nom,1997,1,0,1,0,1,0,1,0,1,0,0,66,3,2,7,2,3,3,6,0,0,0,0,0,0,0,0,1,0,0,0,1,1,0,3,7,5,11,9,3,0,6,6,3,5,0,1,0,0,0,0,0,6,12
Braveheart,https://www.imdb.com/title/tt0112573/?ref_=ev_csegosc_nom,1996,0,0,0,0,1,0,0,0,0,0,1,77,1,2,4,1,1,1,0,0,1,0,0,0,0,0,0,1,0,0,0,0,2,0,0,0,0,1,1,3,1,5,3,2,0,0,1,0,0,0,0,0,8,11
Apollo 13,https://www.imdb.com/title/tt0112384/?ref_=ev_csegosc_nom,1996,1,0,0,0,1,0,1,1,1,1,0,118,3,2,1,0,5,1,3,5,0,0,0,0,0,1,0,2,0,0,0,0,8,0,7,6,2,4,0,0,3,6,8,1,5,2,9,5,0,0,1,0,14,15
Babe,https://www.imdb.com/title/tt0112431/?ref_=ev_csegosc_nom,1996,0,0,1,0,0,0,0,0,0,0,0,67,1,0,0,1,0,0,0,0,0,0,0,0,0,0,0,0,0,0,0,0,2,0,0,0,1,0,5,0,0,0,2,1,0,5,1,0,0,0,0,0,6,3
The Postman,https://www.imdb.com/title/tt0110877/?ref_=ev_csegosc_nom,1996,0,0,1,1,0,0,1,0,0,0,0,17,2,0,2,1,0,0,1,0,0,0,0,0,0,0,0,0,0,0,0,0,0,0,0,0,1,2,3,3,0,6,0,0,0,0,0,0,0,0,0,0,12,11
Sense and Sensibility,https://www.imdb.com/title/tt0114388/?ref_=ev_csegosc_nom,1996,1,1,1,1,1,1,1,0,1,0,0,27,4,2,9,4,0,0,3,0,0,0,0,1,1,0,0,1,2,0,0,0,10,1,3,7,2,11,0,3,0,3,2,2,2,0,4,0,0,0,0,0,9,9
