title,url,year,critics_choice_nom,critics_choice_win,bafta_nom,bafta_win,golden_globes_nom,golden_globes_win,pga_nom,pga_win,sag_nom,sag_win,oscar_win
One Battle After Another,https://www.imdb.com/title/tt30144839/?ref_=ev_csegosc_nom,2026,1,1,1,1,1,1,1,1,1,0,1
F1: The Movie,https://www.imdb.com/title/tt16311594/?ref_=ev_csegosc_nom,2026,0,0,0,0,0,0,1,0,0,0,0
Frankenstein,https://www.imdb.com/title/tt1312221/?ref_=ev_csegosc_nom,2026,1,0,0,0,1,0,1,0,1,0,0
Hamnet,https://www.imdb.com/title/tt14905854/?ref_=ev_csegosc_nom,2026,1,0,1,0,1,1,1,0,1,0,0
Marty Supreme,https://www.imdb.com/title/tt32916440/?ref_=ev_csegosc_nom,2026,1,0,1,0,1,0,1,0,1,0,0
Sentimental Value,https://www.imdb.com/title/tt27714581/?ref_=ev_csegosc_nom,2026,1,0,1,0,1,0,1,0,0,0,0
Sinners,https://www.imdb.com/title/tt31193180/?ref_=ev_csegosc_nom,2026,1,0,1,0,1,0,1,0,1,1,0
Train Dreams,https://www.imdb.com/title/tt29768334/?ref_=ev_csegosc_nom,2026,1,0,0,0,0,0,1,0,0,0,0
The Secret Agent,https://www.imdb.com/title/tt27847051/?ref_=ev_csegosc_nom,2026,0,0,0,0,1,0,0,0,0,0,0
Bugonia,https://www.imdb.com/title/tt12300742/?ref_=ev_csegosc_nom,2026,1,0,0,0,1,0,1,0,0,0,0
Anora,https://www.imdb.com/title/tt28607951/?ref_=ev_csegosc_nom,2025,1,1,1,0,1,0,1,1,1,0,1
Wicked,https://www.imdb.com/title/tt1262426/?ref_=ev_csegosc_nom,2025,1,0,0,0,1,0,1,0,1,0,0
The Substance,https://www.imdb.com/title/tt17526714/?ref_=ev_csegosc_nom,2025,1,0,0,0,1,0,1,0,0,0,0
Conclave,https://www.imdb.com/title/tt20215234/?ref_=ev_csegosc_nom,2025,1,0,1,1,1,0,1,0,1,1,0
The Brutalist,https://www.imdb.com/title/tt8999762/?ref_=ev_csegosc_nom,2025,1,0,1,0,1,1,1,0,0,0,0
Dune: Part Two,https://www.imdb.com/title/tt15239678/?ref_=ev_csegosc_nom,2025,1,0,0,0,1,0,1,0,0,0,0
Emilia Pérez,https://www.imdb.com/title/tt20221436/?ref_=ev_csegosc_nom,2025,1,0,1,0,1,1,1,0,1,0,0
Nickel Boys,https://www.imdb.com/title/tt23055660/?ref_=ev_csegosc_nom,2025,1,0,0,0,1,0,0,0,0,0,0
A Complete Unknown,https://www.imdb.com/title/tt11563598/?ref_=ev_csegosc_nom,2025,1,0,1,0,1,0,1,0,1,0,0
I'm Still Here,https://www.imdb.com/title/tt14961016/?ref_=ev_csegosc_nom,2025,0,0,0,0,0,0,0,0,0,0,0
Oppenheimer,https://www.imdb.com/title/tt15398776/?ref_=ev_csegosc_nom,2024,1,1,1,1,1,1,1,1,1,1,1
Barbie,https://www.imdb.com/title/tt1517268/?ref_=ev_csegosc_nom,2024,1,0,0,0,0,0,1,0,1,0,0
Killers of the Flower Moon,https://www.imdb.com/title/tt5537002/?ref_=ev_csegosc_nom,2024,1,0,1,0,1,0,1,0,1,0,0
Poor Things,https://www.imdb.com/title/tt14230458/?ref_=ev_csegosc_nom,2024,1,0,1,0,0,0,1,0,0,0,0
The Holdovers,https://www.imdb.com/title/tt14849194/?ref_=ev_csegosc_nom,2024,1,0,1,0,0,0,1,0,0,0,0
Anatomy of a Fall,https://www.imdb.com/title/tt17009710/?ref_=ev_csegosc_nom,2024,0,0,1,0,1,0,1,0,0,0,0
Past Lives,https://www.imdb.com/title/tt13238346/?ref_=ev_csegosc_nom,2024,1,0,0,0,1,0,1,0,0,0,0
Maestro,https://www.imdb.com/title/tt5535276/?ref_=ev_csegosc_nom,2024,1,0,0,0,1,0,1,0,0,0,0
The Zone of Interest,https://www.imdb.com/title/tt7160372/?ref_=ev_csegosc_nom,2024,0,0,0,0,1,0,1,0,0,0,0
American Fiction,https://www.imdb.com/title/tt23561236/?ref_=ev_csegosc_nom,2024,1,0,0,0,0,0,1,0,1,0,0
Everything Everywhere All at Once,https://www.imdb.com/title/tt6710474/?ref_=ev_csegosc_nom,2023,1,1,1,0,1,0,1,1,1,1,1
Elvis,https://www.imdb.com/title/tt3704428/?ref_=ev_csegosc_nom,2023,1,0,1,0,1,0,1,0,0,0,0
Top Gun: Maverick,https://www.imdb.com/title/tt1745960/?ref_=ev_csegosc_nom,2023,1,0,0,0,1,0,1,0,0,0,0
The Banshees of Inisherin,https://www.imdb.com/title/tt11813216/?ref_=ev_csegosc_nom,2023,1,0,1,0,1,1,1,0,1,0,0
The Fabelmans,https://www.imdb.com/title/tt14208870/?ref_=ev_csegosc_nom,2023,1,0,0,0,1,1,1,0,1,0,0
Tár,https://www.imdb.com/title/tt14444726/?ref_=ev_csegosc_nom,2023,1,0,1,0,1,0,1,0,0,0,0
Avatar: The Way of Water,https://www.imdb.com/title/tt1630029/?ref_=ev_csegosc_nom,2023,1,0,0,0,1,0,1,0,0,0,0
Women Talking,https://www.imdb.com/title/tt13669038/?ref_=ev_csegosc_nom,2023,1,0,0,0,0,0,0,0,1,0,0
Triangle of Sadness,https://www.imdb.com/title/tt7322224/?ref_=ev_csegosc_nom,2023,0,0,0,0,1,0,0,0,0,0,0
All Quiet on the Western Front,https://www.imdb.com/title/tt1016150/?ref_=ev_csegosc_nom,2023,0,0,1,1,0,0,0,0,0,0,0
CODA,https://www.imdb.com/title/tt10366460/?ref_=ev_csegosc_nom,2022,1,0,0,0,1,0,1,1,1,1,1
Belfast,https://www.imdb.com/title/tt12789558/?ref_=ev_csegosc_nom,2022,1,0,1,0,1,0,1,0,1,0,0
West Side Story,https://www.imdb.com/title/tt3581652/?ref_=ev_csegosc_nom,2022,1,0,0,0,1,1,1,0,0,0,0
Licorice Pizza,https://www.imdb.com/title/tt11271038/?ref_=ev_csegosc_nom,2022,1,0,1,0,1,0,1,0,0,0,0
Dune: Part One,https://www.imdb.com/title/tt1160419/?ref_=ev_csegosc_nom,2022,1,0,1,0,1,0,1,0,0,0,0
The Power of the Dog,https://www.imdb.com/title/tt10293406/?ref_=ev_csegosc_nom,2022,1,1,1,1,1,1,1,0,0,0,0
King Richard,https://www.imdb.com/title/tt9620288/?ref_=ev_csegosc_nom,2022,1,0,0,0,1,0,1,0,1,0,0
Drive My Car,https://www.imdb.com/title/tt14039582/?ref_=ev_csegosc_nom,2022,0,0,0,0,0,0,0,0,0,0,0
Don't Look Up,https://www.imdb.com/title/tt11286314/?ref_=ev_csegosc_nom,2022,1,0,1,0,1,0,1,0,1,1,0
Nightmare Alley,https://www.imdb.com/title/tt7740496/?ref_=ev_csegosc_nom,2022,1,0,0,0,0,0,0,0,0,0,0
Nomadland,https://www.imdb.com/title/tt9770150/?ref_=ev_csegosc_nom,2021,1,1,1,1,1,1,1,1,0,0,1
Mank,https://www.imdb.com/title/tt10618286/?ref_=ev_csegosc_nom,2021,1,0,0,0,1,0,1,0,0,0,0
The Trial of the Chicago 7,https://www.imdb.com/title/tt1070874/?ref_=ev_csegosc_nom,2021,1,0,1,0,1,0,1,0,1,1,0
Promising Young Woman,https://www.imdb.com/title/tt9620292/?ref_=ev_csegosc_nom,2021,1,0,1,0,1,0,1,0,0,0,0
Minari,https://www.imdb.com/title/tt10633456/?ref_=ev_csegosc_nom,2021,1,0,0,0,0,0,1,0,1,0,0
Sound of Metal,https://www.imdb.com/title/tt5363618/?ref_=ev_csegosc_nom,2021,1,0,0,0,0,0,1,0,0,0,0
Judas and the Black Messiah,https://www.imdb.com/title/tt9784798/?ref_=ev_csegosc_nom,2021,0,0,0,0,0,0,1,0,0,0,0
The Father,https://www.imdb.com/title/tt10272386/?ref_=ev_csegosc_nom,2021,0,0,1,0,1,0,0,0,0,0,0
Parasite,https://www.imdb.com/title/tt6751668/?ref_=ev_csegosc_nom,2020,1,0,1,0,0,0,1,0,1,1,1
Once Upon a Time... in Hollywood,https://www.imdb.com/title/tt7131622/?ref_=ev_csegosc_nom,2020,1,1,1,0,1,1,1,0,1,0,0
1917,https://www.imdb.com/title/tt8579674/?ref_=ev_csegosc_nom,2020,1,0,1,1,1,1,1,1,0,0,0
Marriage Story,https://www.imdb.com/title/tt7653254/?ref_=ev_csegosc_nom,2020,1,0,0,0,1,0,1,0,0,0,0
Joker,https://www.imdb.com/title/tt7286456/?ref_=ev_csegosc_nom,2020,1,0,1,0,1,0,1,0,0,0,0
Jojo Rabbit,https://www.imdb.com/title/tt2584384/?ref_=ev_csegosc_nom,2020,1,0,0,0,1,0,1,0,1,0,0
Little Women,https://www.imdb.com/title/tt3281548/?ref_=ev_csegosc_nom,2020,1,0,0,0,0,0,1,0,0,0,0
Ford v Ferrari,https://www.imdb.com/title/tt1950186/?ref_=ev_csegosc_nom,2020,1,0,0,0,0,0,1,0,0,0,0
The Irishman,https://www.imdb.com/title/tt1302006/?ref_=ev_csegosc_nom,2020,1,0,1,0,1,0,1,0,1,0,0
Green Book,https://www.imdb.com/title/tt6966692/?ref_=ev_csegosc_nom,2019,1,0,1,0,1,1,1,1,0,0,1
BlacKkKlansman,https://www.imdb.com/title/tt7349662/?ref_=ev_csegosc_nom,2019,1,0,1,0,1,0,1,0,1,0,0
Black Panther,https://www.imdb.com/title/tt1825683/?ref_=ev_csegosc_nom,2019,1,0,0,0,1,0,1,0,1,1,0
Bohemian Rhapsody,https://www.imdb.com/title/tt1727824/?ref_=ev_csegosc_nom,2019,0,0,0,0,1,1,1,0,1,0,0
The Favourite,https://www.imdb.com/title/tt5083738/?ref_=ev_csegosc_nom,2019,1,0,1,0,1,0,1,0,0,0,0
Roma,https://www.imdb.com/title/tt6155172/?ref_=ev_csegosc_nom,2019,1,1,1,1,0,0,1,0,0,0,0
A Star Is Born,https://www.imdb.com/title/tt1517451/?ref_=ev_csegosc_nom,2019,1,0,1,0,1,0,1,0,1,0,0
Vice,https://www.imdb.com/title/tt6266538/?ref_=ev_csegosc_nom,2019,1,0,0,0,1,0,1,0,0,0,0
The Shape of Water,https://www.imdb.com/title/tt5580390/?ref_=ev_csegosc_nom,2018,1,1,1,0,1,0,1,1,0,0,1
Call Me by Your Name,https://www.imdb.com/title/tt5726616/?ref_=ev_csegosc_nom,2018,1,0,1,0,1,0,1,0,0,0,0
Darkest Hour,https://www.imdb.com/title/tt4555426/?ref_=ev_csegosc_nom,2018,1,0,1,0,0,0,0,0,0,0,0
Dunkirk,https://www.imdb.com/title/tt5013056/?ref_=ev_csegosc_nom,2018,1,0,1,0,1,0,1,0,0,0,0
Get Out,https://www.imdb.com/title/tt5052448/?ref_=ev_csegosc_nom,2018,1,0,0,0,1,0,1,0,1,0,0
Lady Bird,https://www.imdb.com/title/tt4925292/?ref_=ev_csegosc_nom,2018,1,0,0,0,1,1,1,0,1,0,0
The Post,https://www.imdb.com/title/tt6294822/?ref_=ev_csegosc_nom,2018,1,0,0,0,1,0,1,0,0,0,0
"Three Billboards Outside Ebbing, Missouri",https://www.imdb.com/title/tt5027774/?ref_=ev_csegosc_nom,2018,1,0,1,1,1,1,1,0,1,1,0
Phantom Thread,https://www.imdb.com/title/tt5776858/?ref_=ev_csegosc_nom,2018,0,0,0,0,0,0,0,0,0,0,0
Moonlight,https://www.imdb.com/title/tt4975722/?ref_=ev_csegosc_nom,2017,1,0,1,0,1,1,1,0,1,0,1
Arrival,https://www.imdb.com/title/tt2543164/?ref_=ev_csegosc_nom,2017,1,0,1,0,0,0,1,0,0,0,0
Fences,https://www.imdb.com/title/tt2671706/?ref_=ev_csegosc_nom,2017,1,0,0,0,0,0,1,0,1,0,0
Hacksaw Ridge,https://www.imdb.com/title/tt2119532/?ref_=ev_csegosc_nom,2017,1,0,0,0,1,0,1,0,0,0,0
Hell or High Water,https://www.imdb.com/title/tt2582782/?ref_=ev_csegosc_nom,2017,1,0,0,0,1,0,1,0,0,0,0
Hidden Figures,https://www.imdb.com/title/tt4846340/?ref_=ev_csegosc_nom,2017,0,0,0,0,0,0,1,0,1,1,0
La La Land,https://www.imdb.com/title/tt3783958/?ref_=ev_csegosc_nom,2017,1,1,1,1,1,1,1,1,0,0,0
Lion,https://www.imdb.com/title/tt3741834/?ref_=ev_csegosc_nom,2017,1,0,0,0,1,0,1,0,0,0,0
Manchester by the Sea,https://www.imdb.com/title/tt4034228/?ref_=ev_csegosc_nom,2017,1,0,1,0,1,0,1,0,1,0,0
Spotlight,https://www.imdb.com/title/tt1895587/?ref_=ev_csegosc_nom,2016,1,1,1,0,1,0,1,0,1,1,1
The Revenant,https://www.imdb.com/title/tt1663202/?ref_=ev_csegosc_nom,2016,1,0,1,1,1,1,1,0,0,0,0
Room,https://www.imdb.com/title/tt3170832/?ref_=ev_csegosc_nom,2016,1,0,0,0,1,0,0,0,0,0,0
Brooklyn,https://www.imdb.com/title/tt2381111/?ref_=ev_csegosc_nom,2016,1,0,0,0,0,0,1,0,0,0,0
Bridge of Spies,https://www.imdb.com/title/tt3682448/?ref_=ev_csegosc_nom,2016,1,0,1,0,0,0,1,0,0,0,0
The Martian,https://www.imdb.com/title/tt3659388/?ref_=ev_csegosc_nom,2016,1,0,0,0,0,0,1,0,0,0,0
Mad Max: Fury Road,https://www.imdb.com/title/tt1392190/?ref_=ev_csegosc_nom,2016,1,0,0,0,1,0,1,0,0,0,0
The Big Short,https://www.imdb.com/title/tt1596363/?ref_=ev_csegosc_nom,2016,1,0,1,0,0,0,1,1,1,0,0
Birdman or (The Unexpected Virtue of Ignorance),https://www.imdb.com/title/tt2562232/?ref_=ev_csegosc_nom,2015,1,0,1,0,0,0,1,1,1,1,1
American Sniper,https://www.imdb.com/title/tt2179136/?ref_=ev_csegosc_nom,2015,0,0,0,0,0,0,1,0,0,0,0
Boyhood,https://www.imdb.com/title/tt1065073/?ref_=ev_csegosc_nom,2015,1,1,1,1,1,1,1,0,1,0,0
The Imitation Game,https://www.imdb.com/title/tt2084970/?ref_=ev_csegosc_nom,2015,1,0,1,0,1,0,1,0,1,0,0
The Grand Budapest Hotel,https://www.imdb.com/title/tt2278388/?ref_=ev_csegosc_nom,2015,1,0,1,0,0,0,1,0,1,0,0
Selma,https://www.imdb.com/title/tt1020072/?ref_=ev_csegosc_nom,2015,1,0,0,0,1,0,0,0,0,0,0
The Theory of Everything,https://www.imdb.com/title/tt2980516/?ref_=ev_csegosc_nom,2015,1,0,1,0,1,0,1,0,1,0,0
Whiplash,https://www.imdb.com/title/tt2582802/?ref_=ev_csegosc_nom,2015,1,0,0,0,0,0,1,0,0,0,0
12 Years a Slave,https://www.imdb.com/title/tt2024544/?ref_=ev_nom,2014,1,1,1,1,1,1,1,1,1,0,1
The Wolf of Wall Street,https://www.imdb.com/title/tt0993846/?ref_=ev_csegosc_nom,2014,1,0,0,0,0,0,1,0,0,0,0
American Hustle,https://www.imdb.com/title/tt1800241/?ref_=ev_csegosc_nom,2014,1,0,1,0,0,0,1,0,1,1,0
Nebraska,https://www.imdb.com/title/tt1821549/?ref_=ev_csegosc_nom,2014,1,0,0,0,0,0,1,0,0,0,0
Captain Phillips,https://www.imdb.com/title/tt1535109/?ref_=ev_csegosc_nom,2014,1,0,1,0,1,0,1,0,0,0,0
Philomena,https://www.imdb.com/title/tt2431286/?ref_=ev_csegosc_nom,2014,0,0,1,0,1,0,0,0,0,0,0
Dallas Buyers Club,https://www.imdb.com/title/tt0790636/?ref_=ev_csegosc_nom,2014,1,0,0,0,0,0,1,0,1,0,0
Gravity,https://www.imdb.com/title/tt1454468/?ref_=ev_csegosc_nom,2014,1,0,1,0,1,0,1,1,0,0,0
Her,https://www.imdb.com/title/tt1798709/?ref_=ev_csegosc_nom,2014,1,0,0,0,0,0,1,0,0,0,0
Argo,https://www.imdb.com/title/tt1024648/?ref_=ev_csegosc_nom,2013,1,1,1,1,1,1,1,1,1,1,1
Amour,https://www.imdb.com/title/tt1602620/?ref_=ev_csegosc_nom,2013,0,0,1,1,0,0,0,0,0,0,0
Beasts of the Southern Wild,https://www.imdb.com/title/tt2125435/?ref_=ev_csegosc_nom,2013,1,0,0,0,0,0,1,0,0,0,0
Django Unchained,https://www.imdb.com/title/tt1853728/?ref_=ev_csegosc_nom,2013,1,0,0,0,1,0,1,0,0,0,0
Les Misérables,https://www.imdb.com/title/tt1707386/?ref_=ev_csegosc_nom,2013,1,0,1,0,0,0,1,0,1,0,0
Life of Pi,https://www.imdb.com/title/tt0454876/?ref_=ev_csegosc_nom,2013,1,0,1,0,1,0,1,0,0,0,0
Lincoln,https://www.imdb.com/title/tt0443272/?ref_=ev_csegosc_nom,2013,1,0,1,0,1,0,1,0,1,0,0
Silver Linings Playbook,https://www.imdb.com/title/tt1045658/?ref_=ev_csegosc_nom,2013,1,0,0,0,0,0,1,0,1,0,0
Zero Dark Thirty,https://www.imdb.com/title/tt1790885/?ref_=ev_csegosc_nom,2013,1,0,1,0,1,0,1,0,0,0,0
The Artist,https://www.imdb.com/title/tt1655442/?ref_=ev_csegosc_nom,2012,1,1,1,1,0,0,1,1,1,0,1
The Tree of Life,https://www.imdb.com/title/tt0478304/?ref_=ev_csegosc_nom,2012,1,0,0,0,0,0,0,0,0,0,0
The Descendants,https://www.imdb.com/title/tt1033575/?ref_=ev_csegosc_nom,2012,1,0,1,0,1,1,1,0,1,0,0
Extremely Loud & Incredibly Close,https://www.imdb.com/title/tt0477302/?ref_=ev_csegosc_nom,2012,1,0,0,0,0,0,0,0,0,0,0
The Help,https://www.imdb.com/title/tt1454029/?ref_=ev_csegosc_nom,2012,1,0,1,0,1,0,1,0,1,1,0
Hugo,https://www.imdb.com/title/tt0970179/?ref_=ev_csegosc_nom,2012,1,0,0,0,1,0,1,0,0,0,0
Midnight in Paris,https://www.imdb.com/title/tt1605783/?ref_=ev_csegosc_nom,2012,1,0,0,0,0,0,1,0,1,0,0
Moneyball,https://www.imdb.com/title/tt1210166/?ref_=ev_csegosc_nom,2012,1,0,0,0,1,0,1,0,0,0,0
War Horse,https://www.imdb.com/title/tt1568911/?ref_=ev_csegosc_nom,2012,1,0,0,0,1,0,1,0,0,0,0
The King's Speech,https://www.imdb.com/title/tt1504320/?ref_=ev_csegosc_nom,2011,1,0,1,1,1,0,1,1,1,1,1
127 Hours,https://www.imdb.com/title/tt1542344/?ref_=ev_csegosc_nom,2011,1,0,0,0,0,0,1,0,0,0,0
Black Swan,https://www.imdb.com/title/tt0947798/?ref_=ev_csegosc_nom,2011,1,0,1,0,1,0,1,0,1,0,0
The Fighter,https://www.imdb.com/title/tt0964517/?ref_=ev_csegosc_nom,2011,1,0,0,0,1,0,1,0,1,0,0
Inception,https://www.imdb.com/title/tt1375666/?ref_=ev_csegosc_nom,2011,1,0,1,0,1,0,1,0,0,0,0
The Kids Are All Right,https://www.imdb.com/title/tt0842926/?ref_=ev_csegosc_nom,2011,0,0,0,0,0,0,1,0,1,0,0
The Social Network,https://www.imdb.com/title/tt1285016/?ref_=ev_csegosc_nom,2011,1,1,1,0,1,1,1,0,1,0,0
Toy Story 3,https://www.imdb.com/title/tt0435761/?ref_=ev_csegosc_nom,2011,1,0,0,0,0,0,1,0,0,0,0
True Grit,https://www.imdb.com/title/tt1403865/?ref_=ev_csegosc_nom,2011,1,0,1,0,0,0,1,0,0,0,0
Winter's Bone,https://www.imdb.com/title/tt1399683/?ref_=ev_csegosc_nom,2011,1,0,0,0,0,0,0,0,0,0,0
The Hurt Locker,https://www.imdb.com/title/tt0887912/?ref_=ev_csegosc_nom,2010,1,1,1,1,1,0,1,1,1,0,1
A Serious Man,https://www.imdb.com/title/tt1019452/?ref_=ev_csegosc_nom,2010,1,0,0,0,0,0,0,0,0,0,0
An Education,https://www.imdb.com/title/tt1174732/?ref_=ev_csegosc_nom,2010,1,0,1,0,0,0,1,0,1,0,0
Avatar,https://www.imdb.com/title/tt0499549/?ref_=ev_csegosc_nom,2010,1,0,1,0,1,1,1,0,0,0,0
District 9,https://www.imdb.com/title/tt1136608/?ref_=ev_csegosc_nom,2010,0,0,0,0,0,0,1,0,0,0,0
Inglourious Basterds,https://www.imdb.com/title/tt0361748/?ref_=ev_csegosc_nom,2010,1,0,0,0,1,0,1,0,1,1,0
Precious,https://www.imdb.com/title/tt0929632/?ref_=ev_csegosc_nom,2010,1,0,1,0,1,0,1,0,1,0,0
The Blind Side,https://www.imdb.com/title/tt0878804/?ref_=ev_csegosc_nom,2010,0,0,0,0,0,0,0,0,0,0,0
Up,https://www.imdb.com/title/tt1049413/?ref_=ev_csegosc_nom,2010,1,0,0,0,0,0,1,0,0,0,0
Up in the Air,https://www.imdb.com/title/tt1193138/?ref_=ev_csegosc_nom,2010,1,0,1,0,1,0,1,0,0,0,0
Slumdog Millionaire,https://www.imdb.com/title/tt1010048/?ref_=ev_csegosc_nom,2009,1,1,1,1,1,1,1,1,1,1,1
The Curious Case of Benjamin Button,https://www.imdb.com/title/tt0421715/?ref_=ev_csegosc_nom,2009,1,0,1,0,1,0,1,0,1,1,0
Frost/Nixon,https://www.imdb.com/title/tt0870111/?ref_=ev_csegosc_nom,2009,1,0,1,0,1,0,1,0,1,0,0
Milk,https://www.imdb.com/title/tt1013753/?ref_=ev_csegosc_nom,2009,1,0,1,0,0,0,1,0,1,0,0
The Reader,https://www.imdb.com/title/tt0976051/?ref_=ev_csegosc_nom,2009,1,0,1,0,1,0,0,0,0,0,0
No Country for Old Men,https://www.imdb.com/title/tt0477348/?ref_=ev_csegosc_nom,2008,1,1,1,0,1,0,1,1,1,1,1
Atonement,https://www.imdb.com/title/tt0783233/?ref_=ev_csegosc_nom,2008,1,0,1,1,1,1,0,0,0,0,0
Juno,https://www.imdb.com/title/tt0467406/?ref_=ev_csegosc_nom,2008,1,0,0,0,0,0,1,0,0,0,0
Michael Clayton,https://www.imdb.com/title/tt0465538/?ref_=ev_csegosc_nom,2008,1,0,0,0,1,0,1,0,0,0,0
There Will Be Blood,https://www.imdb.com/title/tt0469494/?ref_=ev_csegosc_nom,2008,1,0,1,0,1,0,1,0,0,0,0
The Departed,https://www.imdb.com/title/tt0407887/?ref_=ev_csegosc_nom,2007,1,1,1,0,1,0,1,0,1,0,1
Babel,https://www.imdb.com/title/tt0449467/?ref_=ev_csegosc_nom,2007,1,0,1,0,1,1,1,0,1,1,0
Letters from Iwo Jima,https://www.imdb.com/title/tt0498380/?ref_=ev_csegosc_nom,2007,1,0,0,0,0,0,0,0,0,0,0
Little Miss Sunshine,https://www.imdb.com/title/tt0449059/?ref_=ev_csegosc_nom,2007,1,0,1,0,0,0,1,1,1,1,0
The Queen,https://www.imdb.com/title/tt0436697/?ref_=ev_csegosc_nom,2007,1,0,1,1,1,0,1,0,0,0,0
Crash,https://www.imdb.com/title/tt0375679/?ref_=ev_csegosc_nom,2006,1,0,1,0,0,0,1,0,1,1,1
Brokeback Mountain,https://www.imdb.com/title/tt0388795/?ref_=ev_csegosc_nom,2006,1,1,1,1,1,1,1,1,1,0,0
Capote,https://www.imdb.com/title/tt0379725/?ref_=ev_csegosc_nom,2006,1,0,1,0,0,0,1,0,1,0,0
"Good Night, and Good Luck.",https://www.imdb.com/title/tt0433383/?ref_=ev_csegosc_nom,2006,1,0,1,0,1,0,1,0,1,0,0
Munich,https://www.imdb.com/title/tt0408306/?ref_=ev_csegosc_nom,2006,1,0,0,0,0,0,0,0,0,0,0
Million Dollar Baby,https://www.imdb.com/title/tt0405159/?ref_=ev_csegosc_nom,2005,1,0,0,0,1,0,1,0,1,0,1
The Aviator,https://www.imdb.com/title/tt0338751/?ref_=ev_csegosc_nom,2005,1,0,1,1,1,1,1,1,1,1,0
Finding Neverland,https://www.imdb.com/title/tt0308644/?ref_=ev_csegosc_nom,2005,1,0,1,0,1,0,1,0,1,0,0
Ray,https://www.imdb.com/title/tt0350258/?ref_=ev_csegosc_nom,2005,1,0,0,0,0,0,0,0,1,0,0
Sideways,https://www.imdb.com/title/tt0375063/?ref_=ev_csegosc_nom,2005,1,1,0,0,0,0,1,0,1,1,0
The Lord of the Rings: The Return of the King,https://www.imdb.com/title/tt0167260/?ref_=ev_csegosc_nom,2004,1,1,1,1,1,1,1,1,1,1,1
Lost in Translation,https://www.imdb.com/title/tt0335266/?ref_=ev_csegosc_nom,2004,1,0,1,0,0,0,0,0,0,0,0
Master and Commander: The Far Side of the World,https://www.imdb.com/title/tt0311113/?ref_=ev_csegosc_nom,2004,1,0,1,0,1,0,1,0,0,0,0
Mystic River,https://www.imdb.com/title/tt0327056/?ref_=ev_csegosc_nom,2004,1,0,0,0,1,0,1,0,1,0,0
Seabiscuit,https://www.imdb.com/title/tt0329575/?ref_=ev_csegosc_nom,2004,1,0,0,0,1,0,1,0,1,0,0
Chicago,https://www.imdb.com/title/tt0299658/?ref_=ev_csegosc_nom,2003,1,1,1,0,0,0,1,1,0,0,1
Gangs of New York,https://www.imdb.com/title/tt0217505/?ref_=ev_csegosc_nom,2003,1,0,1,0,1,0,1,0,0,0,0
The Hours,https://www.imdb.com/title/tt0274558/?ref_=ev_csegosc_nom,2003,1,0,1,0,1,1,0,0,0,0,0
The Lord of the Rings: The Two Towers,https://www.imdb.com/title/tt0167261/?ref_=ev_csegosc_nom,2003,1,0,1,0,1,0,1,0,1,1,0
The Pianist,https://www.imdb.com/title/tt0253474/?ref_=ev_csegosc_nom,2003,1,0,1,1,1,0,0,0,0,0,0
A Beautiful Mind,https://www.imdb.com/title/tt0268978/?ref_=ev_csegosc_nom,2002,1,1,1,0,1,1,1,0,0,0,1
Gosford Park,https://www.imdb.com/title/tt0280707/?ref_=ev_csegosc_nom,2002,0,0,0,0,0,0,0,0,0,0,0
In the Bedroom,https://www.imdb.com/title/tt0247425/?ref_=ev_csegosc_nom,2002,1,0,0,0,1,0,0,0,0,0,0
The Lord of the Rings: The Fellowship of the Ring,https://www.imdb.com/title/tt0120737/?ref_=ev_csegosc_nom,2002,1,0,1,1,1,0,1,0,1,1,0
Moulin Rouge!,https://www.imdb.com/title/tt0203009/?ref_=ev_csegosc_nom,2002,1,0,1,0,0,0,1,1,0,0,0
Gladiator,https://www.imdb.com/title/tt0172495/?ref_=ev_csegosc_nom,2001,1,1,1,1,1,1,1,1,0,0,1
Chocolat,https://www.imdb.com/title/tt0241303/?ref_=ev_csegosc_nom,2001,0,0,0,0,0,0,0,0,0,0,0
"Crouching Tiger, Hidden Dragon",https://www.imdb.com/title/tt0190332/?ref_=ev_csegosc_nom,2001,1,0,1,1,0,0,1,0,0,0,0
Erin Brockovich,https://www.imdb.com/title/tt0195685/?ref_=ev_csegosc_nom,2001,1,0,1,0,1,0,1,0,0,0,0
Traffic,https://www.imdb.com/title/tt0181865/?ref_=ev_csegosc_nom,2001,1,0,0,0,1,0,0,0,0,0,0
American Beauty,https://www.imdb.com/title/tt0169547/?ref_=ev_csegosc_nom,2000,1,1,1,1,1,1,1,1,1,1,1
The Cider House Rules,https://www.imdb.com/title/tt0124315/?ref_=ev_csegosc_nom,2000,1,0,0,0,0,0,1,0,1,0,0
The Green Mile,https://www.imdb.com/title/tt0120689/?ref_=ev_csegosc_nom,2000,1,0,0,0,0,0,0,0,1,0,0
The Insider,https://www.imdb.com/title/tt0140352/?ref_=ev_csegosc_nom,2000,1,0,0,0,1,0,1,0,0,0,0
The Sixth Sense,https://www.imdb.com/title/tt0167404/?ref_=ev_csegosc_nom,2000,1,0,1,0,0,0,0,0,0,0,0
Shakespeare in Love,https://www.imdb.com/title/tt0138097/?ref_=ev_csegosc_nom,1999,1,0,1,1,0,0,1,0,1,1,1
Elizabeth,https://www.imdb.com/title/tt0127536/?ref_=ev_csegosc_nom,1999,1,0,1,0,1,0,0,0,0,0,0
Life Is Beautiful,https://www.imdb.com/title/tt0118799/?ref_=ev_csegosc_nom,1999,1,0,1,0,0,0,1,0,1,0,0
Saving Private Ryan,https://www.imdb.com/title/tt0120815/?ref_=ev_csegosc_nom,1999,1,1,1,0,1,1,1,1,1,0,0
The Thin Red Line,https://www.imdb.com/title/tt0120863/?ref_=ev_csegosc_nom,1999,1,0,0,0,0,0,0,0,0,0,0
Titanic,https://www.imdb.com/title/tt0120338/?ref_=ev_csegosc_nom,1998,1,0,1,0,1,1,1,1,1,0,1
As Good as It Gets,https://www.imdb.com/title/tt0119822/?ref_=ev_csegosc_nom,1998,1,0,0,0,0,0,1,0,0,0,0
The Full Monty,https://www.imdb.com/title/tt0119164/?ref_=ev_csegosc_nom,1998,1,0,1,1,0,0,0,0,1,1,0
Good Will Hunting,https://www.imdb.com/title/tt0119217/?ref_=ev_csegosc_nom,1998,1,0,0,0,1,0,1,0,1,0,0
L.A. Confidential,https://www.imdb.com/title/tt0119488/?ref_=ev_csegosc_nom,1998,1,1,1,0,1,0,1,0,1,0,0
The English Patient,https://www.imdb.com/title/tt0116209/?ref_=ev_csegosc_nom,1997,1,0,1,1,1,1,1,1,1,0,1
Fargo,https://www.imdb.com/title/tt0116282/?ref_=ev_csegosc_nom,1997,1,1,1,0,0,0,0,0,0,0,0
Jerry Maguire,https://www.imdb.com/title/tt0116695/?ref_=ev_csegosc_nom,1997,1,0,0,0,0,0,0,0,0,0,0
Secrets & Lies,https://www.imdb.com/title/tt0117589/?ref_=ev_csegosc_nom,1997,0,0,1,0,1,0,0,0,0,0,0
Shine,https://www.imdb.com/title/tt0117631/?ref_=ev_csegosc_nom,1997,1,0,1,0,1,0,1,0,1,0,0
Braveheart,https://www.imdb.com/title/tt0112573/?ref_=ev_csegosc_nom,1996,0,0,0,0,1,0,0,0,0,0,1
Apollo 13,https://www.imdb.com/title/tt0112384/?ref_=ev_csegosc_nom,1996,1,0,0,0,1,0,1,1,1,1,0
Babe,https://www.imdb.com/title/tt0112431/?ref_=ev_csegosc_nom,1996,0,0,1,0,0,0,0,0,0,0,0
The Postman,https://www.imdb.com/title/tt0110877/?ref_=ev_csegosc_nom,1996,0,0,1,1,0,0,1,0,0,0,0
Sense and Sensibility,https://www.imdb.com/title/tt0114388/?ref_=ev_csegosc_nom,1996,1,1,1,1,1,1,1,0,1,0,0
